t,E_left+F_left,E_left-F_left,E_right+F_right,E_right-F_right
0,1.37199e-07,1.37199e-07,1.37199e-07,1.37199e-07
1.00334e-05,0.00686007,1.37199e-07,1.37199e-07,1.37199e-07
2.00669e-05,0.0101513,-0.000138587,1.37199e-07,1.37199e-07
3.01003e-05,0.0118737,-0.000242001,1.37199e-07,1.37199e-07
4.01338e-05,0.0127622,-0.000272622,1.37199e-07,1.37199e-07
5.01672e-05,0.01322,-0.000298119,1.37199e-07,1.37199e-07
6.02007e-05,0.0134568,-0.000309683,1.37199e-07,1.37199e-07
7.02341e-05,0.0135799,-0.000316818,1.37199e-07,1.37199e-07
8.02676e-05,0.0136445,-0.000320398,1.37199e-07,1.37199e-07
9.0301e-05,0.0136787,-0.000321644,1.37199e-07,1.37199e-07
0.000100334,0.0136971,-0.000321727,1.37199e-07,1.37199e-07
0.000110368,0.0137071,-0.000320847,1.37199e-07,1.37199e-07
0.000120401,0.0137126,-0.000319533,1.37199e-07,1.37199e-07
0.000130435,0.0137156,-0.000318045,1.37199e-07,1.37199e-07
0.000140468,0.0137174,-0.000316521,1.37199e-07,1.37199e-07
0.000150502,0.0137184,-0.000315105,1.37199e-07,1.37199e-07
0.000160535,0.013719,-0.000313816,1.37199e-07,1.37199e-07
0.000170569,0.0137194,-0.000312654,1.37199e-07,1.37199e-07
0.000180602,0.0137196,-0.000311617,1.37199e-07,1.37199e-07
0.000190635,0.0137198,-0.000310686,1.37199e-07,1.37199e-07
0.000200669,0.0137198,-0.000309844,1.37199e-07,1.37199e-07
0.000210702,0.0137199,-0.000309075,1.37199e-07,1.37199e-07
0.000220736,0.0137199,-0.000308368,1.37199e-07,1.37199e-07
0.000230769,0.01372,-0.000307712,1.37199e-07,1.37199e-07
0.000240803,0.01372,-0.000307102,1.37199e-07,1.37199e-07
0.000250836,0.01372,-0.000306533,1.37199e-07,1.37199e-07
0.00026087,0.01372,-0.000306001,1.37199e-07,1.37199e-07
0.000270903,0.01372,-0.000305499,1.37199e-07,1.37199e-07
0.000280936,0.01372,-0.000305038,1.37199e-07,1.37199e-07
0.00029097,0.01372,-0.000304592,1.37199e-07,1.37199e-07
0.000301003,0.01372,-0.000304184,1.37199e-07,1.37199e-07
0.000311037,0.01372,-0.000303787,1.37199e-07,1.37199e-07
0.00032107,0.01372,-0.000303423,1.37199e-07,1.37199e-07
0.000331104,0.01372,-0.000303064,1.37199e-07,1.37199e-07
0.000341137,0.01372,-0.000302726,1.37199e-07,1.37199e-07
0.000351171,0.01372,-0.000302421,1.37199e-07,1.37199e-07
0.000361204,0.01372,-0.000302119,1.37199e-07,1.37199e-07
0.000371237,0.01372,-0.000301834,1.37199e-07,1.37199e-07
0.000381271,0.01372,-0.000301577,1.37199e-07,1.37199e-07
0.000391304,0.01372,-0.000301317,1.37199e-07,1.37199e-07
0.000401338,0.01372,-0.000301066,1.37199e-07,1.37199e-07
0.000411371,0.01372,-0.00030083,1.37199e-07,1.37199e-07
0.000421405,0.01372,-0.000300602,1.37199e-07,1.37199e-07
0.000431438,0.01372,-0.000300376,1.37199e-07,1.37199e-07
0.000441472,0.01372,-0.000300155,1.37199e-07,1.37199e-07
0.000451505,0.01372,-0.000299948,1.37199e-07,1.37199e-07
0.000461538,0.01372,-0.000299746,1.37199e-07,1.37199e-07
0.000471572,0.01372,-0.000299552,1.37199e-07,1.37199e-07
0.000481605,0.01372,-0.000299365,1.37199e-07,1.37199e-07
0.000491639,0.01372,-0.00029919,1.37199e-07,1.37199e-07
0.000501672,0.01372,-0.000299014,1.37199e-07,1.37199e-07
0.000511706,0.01372,-0.000298853,1.37199e-07,1.37199e-07
0.000521739,0.01372,-0.000298695,1.37199e-07,1.37199e-07
0.000531773,0.01372,-0.000298539,1.37199e-07,1.37199e-07
0.000541806,0.01372,-0.000298388,1.37199e-07,1.37199e-07
0.000551839,0.01372,-0.000298245,1.37199e-07,1.37199e-07
0.000561873,0.01372,-0.000298098,1.37199e-07,1.37199e-07
0.000571906,0.01372,-0.000297963,1.37199e-07,1.37199e-07
0.00058194,0.01372,-0.000297829,1.37199e-07,1.37199e-07
0.000591973,0.01372,-0.000297701,1.37199e-07,1.37199e-07
0.000602007,0.01372,-0.000297579,1.37199e-07,1.37199e-07
0.00061204,0.01372,-0.000297467,1.37199e-07,1.37199e-07
0.000622074,0.01372,-0.000297353,1.37199e-07,1.37199e-07
0.000632107,0.01372,-0.000297247,1.37199e-07,1.37199e-07
0.00064214,0.01372,-0.000297146,1.37199e-07,1.37199e-07
0.000652174,0.01372,-0.000297054,1.37199e-07,1.37199e-07
0.000662207,0.01372,-0.00029696,1.37199e-07,1.37199e-07
0.000672241,0.01372,-0.000296864,1.37199e-07,1.37199e-07
0.000682274,0.01372,-0.00029677,1.37199e-07,1.37199e-07
0.000692308,0.01372,-0.000296674,1.37199e-07,1.37199e-07
0.000702341,0.01372,-0.000296581,1.37199e-07,1.37199e-07
0.000712375,0.01372,-0.000296479,1.37199e-07,1.37199e-07
0.000722408,0.01372,-0.000296378,1.37199e-07,1.37199e-07
0.000732441,0.01372,-0.000296277,1.37199e-07,1.37199e-07
0.000742475,0.01372,-0.000296183,1.37199e-07,1.37199e-07
0.000752508,0.01372,-0.000296085,1.37199e-07,1.37199e-07
0.000762542,0.01372,-0.000295987,1.37199e-07,1.37199e-07
0.000772575,0.01372,-0.000295893,1.37199e-07,1.37199e-07
0.000782609,0.01372,-0.0002958,1.37199e-07,1.37199e-07
0.000792642,0.01372,-0.000295713,1.37199e-07,1.37199e-07
0.000802676,0.01372,-0.00029562,1.37199e-07,1.37199e-07
0.000812709,0.01372,-0.000295531,1.37199e-07,1.37199e-07
0.000822742,0.01372,-0.000295446,1.37199e-07,1.37199e-07
0.000832776,0.01372,-0.000295364,1.37199e-07,1.37199e-07
0.000842809,0.01372,-0.000295291,1.37199e-07,1.37199e-07
0.000852843,0.01372,-0.000295214,1.37199e-07,1.37199e-07
0.000862876,0.01372,-0.00029514,1.37199e-07,1.37199e-07
0.00087291,0.01372,-0.000295068,1.37199e-07,1.37199e-07
0.000882943,0.01372,-0.000295001,1.37199e-07,1.37199e-07
0.000892977,0.01372,-0.000294934,1.37199e-07,1.37199e-07
0.00090301,0.01372,-0.000294872,1.37199e-07,1.37199e-07
0.000913043,0.01372,-0.000294805,1.37199e-07,1.37199e-07
0.000923077,0.01372,-0.000294741,1.37199e-07,1.37199e-07
0.00093311,0.01372,-0.000294679,1.37199e-07,1.37199e-07
0.000943144,0.01372,-0.000294619,1.37199e-07,1.37199e-07
0.000953177,0.01372,-0.000294561,1.37199e-07,1.37199e-07
0.000963211,0.01372,-0.000294503,1.37199e-07,1.37199e-07
0.000973244,0.01372,-0.000294447,1.37199e-07,1.37199e-07
0.000983278,0.01372,-0.000294396,1.37199e-07,1.37199e-07
0.000993311,0.01372,-0.000294342,1.37199e-07,1.37199e-07
0.00100334,0.01372,-0.000294287,1.37199e-07,1.37199e-07
0.00101338,0.01372,-0.000294233,1.37199e-07,1.37199e-07
0.00102341,0.01372,-0.000294181,1.37199e-07,1.37199e-07
0.00103344,0.01372,-0.000294132,1.37199e-07,1.37199e-07
0.00104348,0.01372,-0.000294082,1.37199e-07,1.37199e-07
0.00105351,0.01372,-0.000294039,1.37199e-07,1.37199e-07
0.00106355,0.01372,-0.000293988,1.37199e-07,1.37199e-07
0.00107358,0.01372,-0.000293941,1.37199e-07,1.37199e-07
0.00108361,0.01372,-0.000293897,1.37199e-07,1.37199e-07
0.00109365,0.01372,-0.000293857,1.37199e-07,1.37199e-07
0.00110368,0.01372,-0.000293819,1.37199e-07,1.37199e-07
0.00111371,0.01372,-0.000293783,1.37199e-07,1.37199e-07
0.00112375,0.01372,-0.000293748,1.37199e-07,1.37199e-07
0.00113378,0.01372,-0.000293714,1.37199e-07,1.37199e-07
0.00114381,0.01372,-0.00029368,1.37199e-07,1.37199e-07
0.00115385,0.01372,-0.000293648,1.37199e-07,1.37199e-07
0.00116388,0.01372,-0.000293616,1.37199e-07,1.37199e-07
0.00117391,0.01372,-0.000293584,1.37199e-07,1.37199e-07
0.00118395,0.01372,-0.000293552,1.37199e-07,1.37199e-07
0.00119398,0.01372,-0.000293525,1.37199e-07,1.37199e-07
0.00120401,0.01372,-0.000293493,1.37199e-07,1.37199e-07
0.00121405,0.01372,-0.000293459,1.37199e-07,1.37199e-07
0.00122408,0.01372,-0.000293424,1.37199e-07,1.37199e-07
0.00123411,0.01372,-0.000293389,1.37199e-07,1.37199e-07
0.00124415,0.01372,-0.000293354,1.37199e-07,1.37199e-07
0.00125418,0.01372,-0.000293319,1.37199e-07,1.37199e-07
0.00126421,0.01372,-0.000293283,1.37199e-07,1.37199e-07
0.00127425,0.01372,-0.000293249,1.37199e-07,1.37199e-07
0.00128428,0.01372,-0.000293218,1.37199e-07,1.37199e-07
0.00129431,0.01372,-0.000293177,1.37199e-07,1.37199e-07
0.00130435,0.01372,-0.000293136,1.37199e-07,1.37199e-07
0.00131438,0.01372,-0.000293096,1.37199e-07,1.37199e-07
0.00132441,0.01372,-0.000293057,1.37199e-07,1.37199e-07
0.00133445,0.01372,-0.000293018,1.37199e-07,1.37199e-07
0.00134448,0.01372,-0.00029298,1.37199e-07,1.37199e-07
0.00135452,0.01372,-0.000292943,1.37199e-07,1.37199e-07
0.00136455,0.01372,-0.000292905,1.37199e-07,1.37199e-07
0.00137458,0.01372,-0.000292868,1.37199e-07,1.37199e-07
0.00138462,0.01372,-0.00029283,1.37199e-07,1.37199e-07
0.00139465,0.01372,-0.000292792,1.37199e-07,1.37199e-07
0.00140468,0.01372,-0.000292755,1.37199e-07,1.37199e-07
0.00141472,0.01372,-0.000292717,1.37199e-07,1.37199e-07
0.00142475,0.01372,-0.000292685,1.37199e-07,1.37199e-07
0.00143478,0.01372,-0.000292647,1.37199e-07,1.37199e-07
0.00144482,0.01372,-0.000292609,1.37199e-07,1.37199e-07
0.00145485,0.01372,-0.000292571,1.37199e-07,1.37199e-07
0.00146488,0.01372,-0.000292533,1.37199e-07,1.37199e-07
0.00147492,0.01372,-0.000292495,1.37199e-07,1.37199e-07
0.00148495,0.01372,-0.000292458,1.37199e-07,1.37199e-07
0.00149498,0.01372,-0.000292422,1.37199e-07,1.37199e-07
0.00150502,0.01372,-0.000292388,1.37199e-07,1.37199e-07
0.00151505,0.01372,-0.000292357,1.37199e-07,1.37199e-07
0.00152508,0.01372,-0.000292318,1.37199e-07,1.37199e-07
0.00153512,0.01372,-0.000292279,1.37199e-07,1.37199e-07
0.00154515,0.01372,-0.000292242,1.37199e-07,1.37199e-07
0.00155518,0.01372,-0.000292207,1.37199e-07,1.37199e-07
0.00156522,0.01372,-0.000292172,1.37199e-07,1.37199e-07
0.00157525,0.01372,-0.000292139,1.37199e-07,1.37199e-07
0.00158528,0.01372,-0.000292107,1.37199e-07,1.37199e-07
0.00159532,0.01372,-0.000292077,1.37199e-07,1.37199e-07
0.00160535,0.01372,-0.000292047,1.37199e-07,1.37199e-07
0.00161538,0.01372,-0.000292018,1.37199e-07,1.37199e-07
0.00162542,0.01372,-0.000291989,1.37199e-07,1.37199e-07
0.00163545,0.01372,-0.00029196,1.37199e-07,1.37199e-07
0.00164548,0.01372,-0.000291932,1.37199e-07,1.37199e-07
0.00165552,0.01372,-0.000291905,1.37199e-07,1.37199e-07
0.00166555,0.01372,-0.000291878,1.37199e-07,1.37199e-07
0.00167559,0.01372,-0.000291853,1.37199e-07,1.37199e-07
0.00168562,0.01372,-0.000291828,1.37199e-07,1.37199e-07
0.00169565,0.01372,-0.000291809,1.37199e-07,1.37199e-07
0.00170569,0.01372,-0.000291785,1.37199e-07,1.37199e-07
0.00171572,0.01372,-0.00029176,1.37199e-07,1.37199e-07
0.00172575,0.01372,-0.000291735,1.37199e-07,1.37199e-07
0.00173579,0.01372,-0.000291711,1.37199e-07,1.37199e-07
0.00174582,0.01372,-0.000291689,1.37199e-07,1.37199e-07
0.00175585,0.01372,-0.000291667,1.37199e-07,1.37199e-07
0.00176589,0.01372,-0.000291645,1.37199e-07,1.37199e-07
0.00177592,0.01372,-0.000291624,1.37199e-07,1.37199e-07
0.00178595,0.01372,-0.000291602,1.37199e-07,1.37199e-07
0.00179599,0.01372,-0.00029158,1.37199e-07,1.37199e-07
0.00180602,0.01372,-0.00029156,1.37199e-07,1.37199e-07
0.00181605,0.01372,-0.000291539,1.37199e-07,1.37199e-07
0.00182609,0.01372,-0.000291523,1.37199e-07,1.37199e-07
0.00183612,0.01372,-0.000291502,1.37199e-07,1.37199e-07
0.00184615,0.01372,-0.000291481,1.37199e-07,1.37199e-07
0.00185619,0.01372,-0.00029146,1.37199e-07,1.37199e-07
0.00186622,0.01372,-0.000291439,1.37199e-07,1.37199e-07
0.00187625,0.01372,-0.000291418,1.37199e-07,1.37199e-07
0.00188629,0.01372,-0.000291398,1.37199e-07,1.37199e-07
0.00189632,0.01372,-0.000291379,1.37199e-07,1.37199e-07
0.00190635,0.01372,-0.000291361,1.37199e-07,1.37199e-07
0.00191639,0.01372,-0.000291343,1.37199e-07,1.37199e-07
0.00192642,0.01372,-0.000291325,1.37199e-07,1.37199e-07
0.00193645,0.01372,-0.000291308,1.37199e-07,1.37199e-07
0.00194649,0.01372,-0.000291291,1.37199e-07,1.37199e-07
0.00195652,0.01372,-0.000291275,1.37199e-07,1.37199e-07
0.00196656,0.01372,-0.000291258,1.37199e-07,1.37199e-07
0.00197659,0.01372,-0.000291241,1.37199e-07,1.37199e-07
0.00198662,0.01372,-0.000291225,1.37199e-07,1.37199e-07
0.00199666,0.01372,-0.000291209,1.37199e-07,1.37199e-07
0.00200669,0.01372,-0.000291193,1.37199e-07,1.37199e-07
0.00201672,0.01372,-0.000291178,1.37199e-07,1.37199e-07
0.00202676,0.01372,-0.000291163,1.37199e-07,1.37199e-07
0.00203679,0.01372,-0.000291148,1.37199e-07,1.37199e-07
0.00204682,0.01372,-0.000291133,1.37199e-07,1.37199e-07
0.00205686,0.01372,-0.000291117,1.37199e-07,1.37199e-07
0.00206689,0.01372,-0.000291101,1.37199e-07,1.37199e-07
0.00207692,0.01372,-0.000291085,1.37199e-07,1.37199e-07
0.00208696,0.01372,-0.000291069,1.37199e-07,1.37199e-07
0.00209699,0.01372,-0.000291053,1.37199e-07,1.37199e-07
0.00210702,0.01372,-0.000291037,1.37199e-07,1.37199e-07
0.00211706,0.01372,-0.000291022,1.37199e-07,1.37199e-07
0.00212709,0.01372,-0.000291006,1.37199e-07,1.37199e-07
0.00213712,0.01372,-0.000290992,1.37199e-07,1.37199e-07
0.00214716,0.01372,-0.000290977,1.37199e-07,1.37199e-07
0.00215719,0.01372,-0.000290963,1.37199e-07,1.37199e-07
0.00216722,0.01372,-0.000290954,1.37199e-07,1.37199e-07
0.00217726,0.01372,-0.00029094,1.37199e-07,1.37199e-07
0.00218729,0.01372,-0.000290924,1.37199e-07,1.37199e-07
0.00219732,0.01372,-0.000290909,1.37199e-07,1.37199e-07
0.00220736,0.01372,-0.000290894,1.37199e-07,1.37199e-07
0.00221739,0.01372,-0.000290879,1.37199e-07,1.37199e-07
0.00222742,0.01372,-0.000290864,1.37199e-07,1.37199e-07
0.00223746,0.01372,-0.00029085,1.37199e-07,1.37199e-07
0.00224749,0.01372,-0.000290836,1.37199e-07,1.37199e-07
0.00225753,0.01372,-0.000290822,1.37199e-07,1.37199e-07
0.00226756,0.01372,-0.000290809,1.37199e-07,1.37199e-07
0.00227759,0.01372,-0.000290796,1.37199e-07,1.37199e-07
0.00228763,0.01372,-0.000290783,1.37199e-07,1.37199e-07
0.00229766,0.01372,-0.00029077,1.37199e-07,1.37199e-07
0.00230769,0.01372,-0.000290757,1.37199e-07,1.37199e-07
0.00231773,0.01372,-0.000290744,1.37199e-07,1.37199e-07
0.00232776,0.01372,-0.000290731,1.37199e-07,1.37199e-07
0.00233779,0.01372,-0.000290717,1.37199e-07,1.37199e-07
0.00234783,0.01372,-0.000290704,1.37199e-07,1.37199e-07
0.00235786,0.01372,-0.000290691,1.37199e-07,1.37199e-07
0.00236789,0.01372,-0.000290679,1.37199e-07,1.37199e-07
0.00237793,0.01372,-0.000290671,1.37199e-07,1.37199e-07
0.00238796,0.01372,-0.000290656,1.37199e-07,1.37199e-07
0.00239799,0.01372,-0.000290642,1.37199e-07,1.37199e-07
0.00240803,0.01372,-0.000290631,1.37199e-07,1.37199e-07
0.00241806,0.01372,-0.000290619,1.37199e-07,1.37199e-07
0.00242809,0.01372,-0.000290607,1.37199e-07,1.37199e-07
0.00243813,0.01372,-0.000290596,1.37199e-07,1.37199e-07
0.00244816,0.01372,-0.000290584,1.37199e-07,1.37199e-07
0.00245819,0.01372,-0.000290573,1.37199e-07,1.37199e-07
0.00246823,0.01372,-0.000290563,1.37199e-07,1.37199e-07
0.00247826,0.01372,-0.000290554,1.37199e-07,1.37199e-07
0.00248829,0.01372,-0.000290545,1.37199e-07,1.37199e-07
0.00249833,0.01372,-0.000290536,1.37199e-07,1.37199e-07
0.00250836,0.01372,-0.000290528,1.37199e-07,1.37199e-07
0.00251839,0.01372,-0.000290521,1.37199e-07,1.37199e-07
0.00252843,0.01372,-0.000290513,1.37199e-07,1.37199e-07
0.00253846,0.01372,-0.000290507,1.37199e-07,1.37199e-07
0.00254849,0.01372,-0.0002905,1.37199e-07,1.37199e-07
0.00255853,0.01372,-0.000290494,1.37199e-07,1.37199e-07
0.00256856,0.01372,-0.000290488,1.37199e-07,1.37199e-07
0.0025786,0.01372,-0.000290482,1.37199e-07,1.37199e-07
0.00258863,0.01372,-0.000290476,1.37199e-07,1.37199e-07
0.00259866,0.01372,-0.000290471,1.37199e-07,1.37199e-07
0.0026087,0.01372,-0.000290466,1.37199e-07,1.37199e-07
0.00261873,0.01372,-0.000290461,1.37199e-07,1.37199e-07
0.00262876,0.01372,-0.000290457,1.37199e-07,1.37199e-07
0.0026388,0.01372,-0.000290453,1.37199e-07,1.37199e-07
0.00264883,0.01372,-0.000290449,1.37199e-07,1.37199e-07
0.00265886,0.01372,-0.000290446,1.37199e-07,1.37199e-07
0.0026689,0.01372,-0.000290443,1.37199e-07,1.37199e-07
0.00267893,0.01372,-0.000290441,1.37199e-07,1.37199e-07
0.00268896,0.01372,-0.000290439,1.37199e-07,1.37199e-07
0.002699,0.01372,-0.000290438,1.37199e-07,1.37199e-07
0.00270903,0.01372,-0.000290437,1.37199e-07,1.37199e-07
0.00271906,0.01372,-0.000290436,1.37199e-07,1.37199e-07
0.0027291,0.01372,-0.000290436,1.37199e-07,1.37199e-07
0.00273913,0.01372,-0.000290436,1.37199e-07,1.37199e-07
0.00274916,0.01372,-0.000290437,1.37199e-07,1.37199e-07
0.0027592,0.01372,-0.000290438,1.37199e-07,1.37199e-07
0.00276923,0.01372,-0.000290439,1.37199e-07,1.37199e-07
0.00277926,0.01372,-0.00029044,1.37199e-07,1.37199e-07
0.0027893,0.01372,-0.000290442,1.37199e-07,1.37199e-07
0.00279933,0.01372,-0.000290443,1.37199e-07,1.37199e-07
0.00280936,0.01372,-0.000290445,1.37199e-07,1.37199e-07
0.0028194,0.01372,-0.000290447,1.37199e-07,1.37199e-07
0.00282943,0.01372,-0.000290448,1.37199e-07,1.37199e-07
0.00283946,0.01372,-0.000290449,1.37199e-07,1.37199e-07
0.0028495,0.01372,-0.00029045,1.37199e-07,1.37199e-07
0.00285953,0.01372,-0.00029045,1.37199e-07,1.37199e-07
0.00286957,0.01372,-0.00029045,1.37199e-07,1.37199e-07
0.0028796,0.01372,-0.000290449,1.37199e-07,1.37199e-07
0.00288963,0.01372,-0.000290448,1.37199e-07,1.37199e-07
0.00289967,0.01372,-0.000290446,1.37199e-07,1.37199e-07
0.0029097,0.01372,-0.000290444,1.37199e-07,1.37199e-07
0.00291973,0.01372,-0.00029044,1.37199e-07,1.37199e-07
0.00292977,0.01372,-0.000290436,1.37199e-07,1.37199e-07
0.0029398,0.01372,-0.000290431,1.37199e-07,1.37199e-07
0.00294983,0.01372,-0.000290425,1.37199e-07,1.37199e-07
0.00295987,0.01372,-0.000290418,1.37199e-07,1.37199e-07
0.0029699,0.01372,-0.000290411,1.37199e-07,1.37199e-07
0.00297993,0.01372,-0.000290402,1.37199e-07,1.37199e-07
0.00298997,0.01372,-0.000290393,1.37199e-07,1.37199e-07
0.003,0.01372,-0.000290383,1.37199e-07,1.37199e-07
0.00301003,0.01372,-0.000290373,1.37199e-07,1.37199e-07
0.00302007,0.01372,-0.000290361,1.37199e-07,1.37199e-07
0.0030301,0.01372,-0.00029035,1.37199e-07,1.37199e-07
0.00304013,0.01372,-0.000290338,1.37199e-07,1.37199e-07
0.00305017,0.01372,-0.000290326,1.37199e-07,1.37199e-07
0.0030602,0.01372,-0.000290314,1.37199e-07,1.37199e-07
0.00307023,0.01372,-0.000290302,1.37199e-07,1.37199e-07
0.00308027,0.01372,-0.00029029,1.37199e-07,1.37199e-07
0.0030903,0.01372,-0.000290277,1.37199e-07,1.37199e-07
0.00310033,0.01372,-0.000290264,1.37199e-07,1.37199e-07
0.00311037,0.01372,-0.000290251,1.37199e-07,1.37199e-07
0.0031204,0.01372,-0.000290238,1.37199e-07,1.37199e-07
0.00313043,0.01372,-0.000290225,1.37199e-07,1.37199e-07
0.00314047,0.01372,-0.000290212,1.37199e-07,1.37199e-07
0.0031505,0.01372,-0.0002902,1.37199e-07,1.37199e-07
0.00316054,0.01372,-0.000290188,1.37199e-07,1.37199e-07
0.00317057,0.01372,-0.000290177,1.37199e-07,1.37199e-07
0.0031806,0.01372,-0.000290166,1.37199e-07,1.37199e-07
0.00319064,0.01372,-0.000290156,1.37199e-07,1.37199e-07
0.00320067,0.01372,-0.000290146,1.37199e-07,1.37199e-07
0.0032107,0.01372,-0.000290137,1.37199e-07,1.37199e-07
0.00322074,0.01372,-0.000290128,1.37199e-07,1.37199e-07
0.00323077,0.01372,-0.00029012,1.37199e-07,1.37199e-07
0.0032408,0.01372,-0.000290112,1.37199e-07,1.37199e-07
0.00325084,0.01372,-0.000290105,1.37199e-07,1.37199e-07
0.00326087,0.01372,-0.000290098,1.37199e-07,1.37199e-07
0.0032709,0.01372,-0.000290091,1.37199e-07,1.37199e-07
0.00328094,0.01372,-0.000290089,1.37199e-07,1.37199e-07
0.00329097,0.01372,-0.000290082,1.37199e-07,1.37199e-07
0.003301,0.01372,-0.000290073,1.37199e-07,1.37199e-07
0.00331104,0.01372,-0.000290065,1.37199e-07,1.37199e-07
0.00332107,0.01372,-0.000290056,1.37199e-07,1.37199e-07
0.0033311,0.01372,-0.000290049,1.37199e-07,1.37199e-07
0.00334114,0.01372,-0.000290041,1.37199e-07,1.37199e-07
0.00335117,0.01372,-0.000290034,1.37199e-07,1.37199e-07
0.0033612,0.01372,-0.000290027,1.37199e-07,1.37199e-07
0.00337124,0.01372,-0.00029002,1.37199e-07,1.37199e-07
0.00338127,0.01372,-0.000290013,1.37199e-07,1.37199e-07
0.0033913,0.01372,-0.000290005,1.37199e-07,1.37199e-07
0.00340134,0.01372,-0.000289998,1.37199e-07,1.37199e-07
0.00341137,0.01372,-0.00028999,1.37199e-07,1.37199e-07
0.0034214,0.01372,-0.000289981,1.37199e-07,1.37199e-07
0.00343144,0.01372,-0.000289972,1.37199e-07,1.37199e-07
0.00344147,0.01372,-0.000289964,1.37199e-07,1.37199e-07
0.00345151,0.01372,-0.000289955,1.37199e-07,1.37199e-07
0.00346154,0.01372,-0.000289946,1.37199e-07,1.37199e-07
0.00347157,0.01372,-0.000289937,1.37199e-07,1.37199e-07
0.00348161,0.01372,-0.000289928,1.37199e-07,1.37199e-07
0.00349164,0.01372,-0.000289919,1.37199e-07,1.37199e-07
0.00350167,0.01372,-0.00028991,1.37199e-07,1.37199e-07
0.00351171,0.01372,-0.000289901,1.37199e-07,1.37199e-07
0.00352174,0.01372,-0.000289891,1.37199e-07,1.37199e-07
0.00353177,0.01372,-0.000289881,1.37199e-07,1.37199e-07
0.00354181,0.01372,-0.00028987,1.37199e-07,1.37199e-07
0.00355184,0.01372,-0.000289859,1.37199e-07,1.37199e-07
0.00356187,0.01372,-0.000289847,1.37199e-07,1.37199e-07
0.00357191,0.01372,-0.000289835,1.37199e-07,1.37199e-07
0.00358194,0.01372,-0.000289825,1.37199e-07,1.37199e-07
0.00359197,0.01372,-0.00028982,1.37199e-07,1.37199e-07
0.00360201,0.01372,-0.000289806,1.37199e-07,1.37199e-07
0.00361204,0.01372,-0.000289793,1.37199e-07,1.37199e-07
0.00362207,0.01372,-0.000289781,1.37199e-07,1.37199e-07
0.00363211,0.01372,-0.000289772,1.37199e-07,1.37199e-07
0.00364214,0.01372,-0.000289762,1.37199e-07,1.37199e-07
0.00365217,0.01372,-0.000289751,1.37199e-07,1.37199e-07
0.00366221,0.01372,-0.00028974,1.37199e-07,1.37199e-07
0.00367224,0.01372,-0.000289729,1.37199e-07,1.37199e-07
0.00368227,0.01372,-0.000289719,1.37199e-07,1.37199e-07
0.00369231,0.01372,-0.000289709,1.37199e-07,1.37199e-07
0.00370234,0.01372,-0.0002897,1.37199e-07,1.37199e-07
0.00371237,0.01372,-0.000289692,1.37199e-07,1.37199e-07
0.00372241,0.01372,-0.000289685,1.37199e-07,1.37199e-07
0.00373244,0.01372,-0.000289678,1.37199e-07,1.37199e-07
0.00374247,0.01372,-0.000289672,1.37199e-07,1.37199e-07
0.00375251,0.01372,-0.000289666,1.37199e-07,1.37199e-07
0.00376254,0.01372,-0.000289661,1.37199e-07,1.37199e-07
0.00377258,0.01372,-0.000289656,1.37199e-07,1.37199e-07
0.00378261,0.01372,-0.000289652,1.37199e-07,1.37199e-07
0.00379264,0.01372,-0.000289649,1.37199e-07,1.37199e-07
0.00380268,0.01372,-0.000289646,1.37199e-07,1.37199e-07
0.00381271,0.01372,-0.000289644,1.37199e-07,1.37199e-07
0.00382274,0.01372,-0.000289643,1.37199e-07,1.37199e-07
0.00383278,0.01372,-0.000289641,1.37199e-07,1.37199e-07
0.00384281,0.01372,-0.000289641,1.37199e-07,1.37199e-07
0.00385284,0.01372,-0.000289641,1.37199e-07,1.37199e-07
0.00386288,0.01372,-0.000289641,1.37199e-07,1.37199e-07
0.00387291,0.01372,-0.000289641,1.37199e-07,1.37199e-07
0.00388294,0.01372,-0.000289642,1.37199e-07,1.37199e-07
0.00389298,0.01372,-0.000289643,1.37199e-07,1.37199e-07
0.00390301,0.01372,-0.000289645,1.37199e-07,1.37199e-07
0.00391304,0.01372,-0.000289646,1.37199e-07,1.37199e-07
0.00392308,0.01372,-0.000289648,1.37199e-07,1.37199e-07
0.00393311,0.01372,-0.000289649,1.37199e-07,1.37199e-07
0.00394314,0.01372,-0.000289651,1.37199e-07,1.37199e-07
0.00395318,0.01372,-0.000289652,1.37199e-07,1.37199e-07
0.00396321,0.01372,-0.000289654,1.37199e-07,1.37199e-07
0.00397324,0.01372,-0.000289655,1.37199e-07,1.37199e-07
0.00398328,0.01372,-0.000289656,1.37199e-07,1.37199e-07
0.00399331,0.01372,-0.000289656,1.37199e-07,1.37199e-07
0.00400334,0.01372,-0.000289657,1.37199e-07,1.37199e-07
0.00401338,0.01372,-0.000289657,1.37199e-07,1.37199e-07
0.00402341,0.01372,-0.000289657,1.37199e-07,1.37199e-07
0.00403344,0.01372,-0.000289657,1.37199e-07,1.37199e-07
0.00404348,0.01372,-0.000289656,1.37199e-07,1.37199e-07
0.00405351,0.01372,-0.000289655,1.37199e-07,1.37199e-07
0.00406355,0.01372,-0.000289653,1.37199e-07,1.37199e-07
0.00407358,0.01372,-0.000289652,1.37199e-07,1.37199e-07
0.00408361,0.01372,-0.00028965,1.37199e-07,1.37199e-07
0.00409365,0.01372,-0.000289647,1.37199e-07,1.37199e-07
0.00410368,0.01372,-0.000289645,1.37199e-07,1.37199e-07
0.00411371,0.01372,-0.000289642,1.37199e-07,1.37199e-07
0.00412375,0.01372,-0.000289639,1.37199e-07,1.37199e-07
0.00413378,0.01372,-0.000289636,1.37199e-07,1.37199e-07
0.00414381,0.01372,-0.000289633,1.37199e-07,1.37199e-07
0.00415385,0.01372,-0.000289629,1.37199e-07,1.37199e-07
0.00416388,0.01372,-0.000289625,1.37199e-07,1.37199e-07
0.00417391,0.01372,-0.000289621,1.37199e-07,1.37199e-07
0.00418395,0.01372,-0.000289617,1.37199e-07,1.37199e-07
0.00419398,0.01372,-0.000289613,1.37199e-07,1.37199e-07
0.00420401,0.01372,-0.000289609,1.37199e-07,1.37199e-07
0.00421405,0.01372,-0.000289605,1.37199e-07,1.37199e-07
0.00422408,0.01372,-0.0002896,1.37199e-07,1.37199e-07
0.00423411,0.01372,-0.000289596,1.37199e-07,1.37199e-07
0.00424415,0.01372,-0.000289591,1.37199e-07,1.37199e-07
0.00425418,0.01372,-0.000289586,1.37199e-07,1.37199e-07
0.00426421,0.01372,-0.00028958,1.37199e-07,1.37199e-07
0.00427425,0.01372,-0.000289575,1.37199e-07,1.37199e-07
0.00428428,0.01372,-0.000289569,1.37199e-07,1.37199e-07
0.00429431,0.01372,-0.000289563,1.37199e-07,1.37199e-07
0.00430435,0.01372,-0.000289557,1.37199e-07,1.37199e-07
0.00431438,0.01372,-0.000289551,1.37199e-07,1.37199e-07
0.00432441,0.01372,-0.000289545,1.37199e-07,1.37199e-07
0.00433445,0.01372,-0.000289539,1.37199e-07,1.37199e-07
0.00434448,0.01372,-0.000289532,1.37199e-07,1.37199e-07
0.00435452,0.01372,-0.000289525,1.37199e-07,1.37199e-07
0.00436455,0.01372,-0.000289518,1.37199e-07,1.37199e-07
0.00437458,0.01372,-0.000289511,1.37199e-07,1.37199e-07
0.00438462,0.01372,-0.000289503,1.37199e-07,1.37199e-07
0.00439465,0.01372,-0.000289496,1.37199e-07,1.37199e-07
0.00440468,0.01372,-0.000289488,1.37199e-07,1.37199e-07
0.00441472,0.01372,-0.00028948,1.37199e-07,1.37199e-07
0.00442475,0.01372,-0.000289471,1.37199e-07,1.37199e-07
0.00443478,0.01372,-0.000289463,1.37199e-07,1.37199e-07
0.00444482,0.01372,-0.000289455,1.37199e-07,1.37199e-07
0.00445485,0.01372,-0.000289448,1.37199e-07,1.37199e-07
0.00446488,0.01372,-0.000289441,1.37199e-07,1.37199e-07
0.00447492,0.01372,-0.000289433,1.37199e-07,1.37199e-07
0.00448495,0.01372,-0.000289425,1.37199e-07,1.37199e-07
0.00449498,0.01372,-0.000289417,1.37199e-07,1.37199e-07
0.00450502,0.01372,-0.000289408,1.37199e-07,1.37199e-07
0.00451505,0.01372,-0.0002894,1.37199e-07,1.37199e-07
0.00452508,0.01372,-0.000289392,1.37199e-07,1.37199e-07
0.00453512,0.01372,-0.000289384,1.37199e-07,1.37199e-07
0.00454515,0.01372,-0.000289377,1.37199e-07,1.37199e-07
0.00455518,0.01372,-0.000289369,1.37199e-07,1.37199e-07
0.00456522,0.01372,-0.000289362,1.37199e-07,1.37199e-07
0.00457525,0.01372,-0.000289356,1.37199e-07,1.37199e-07
0.00458528,0.01372,-0.00028935,1.37199e-07,1.37199e-07
0.00459532,0.01372,-0.000289344,1.37199e-07,1.37199e-07
0.00460535,0.01372,-0.000289338,1.37199e-07,1.37199e-07
0.00461538,0.01372,-0.000289333,1.37199e-07,1.37199e-07
0.00462542,0.01372,-0.000289329,1.37199e-07,1.37199e-07
0.00463545,0.01372,-0.000289325,1.37199e-07,1.37199e-07
0.00464548,0.01372,-0.000289321,1.37199e-07,1.37199e-07
0.00465552,0.01372,-0.000289318,1.37199e-07,1.37199e-07
0.00466555,0.01372,-0.000289315,1.37199e-07,1.37199e-07
0.00467559,0.01372,-0.000289313,1.37199e-07,1.37199e-07
0.00468562,0.01372,-0.000289311,1.37199e-07,1.37199e-07
0.00469565,0.01372,-0.00028931,1.37199e-07,1.37199e-07
0.00470569,0.01372,-0.000289308,1.37199e-07,1.37199e-07
0.00471572,0.01372,-0.000289307,1.37199e-07,1.37199e-07
0.00472575,0.01372,-0.000289307,1.37199e-07,1.37199e-07
0.00473579,0.01372,-0.000289306,1.37199e-07,1.37199e-07
0.00474582,0.01372,-0.000289306,1.37199e-07,1.37199e-07
0.00475585,0.01372,-0.000289306,1.37199e-07,1.37199e-07
0.00476589,0.01372,-0.000289306,1.37199e-07,1.37199e-07
0.00477592,0.01372,-0.000289307,1.37199e-07,1.37199e-07
0.00478595,0.01372,-0.000289307,1.37199e-07,1.37199e-07
0.00479599,0.01372,-0.000289308,1.37199e-07,1.37199e-07
0.00480602,0.01372,-0.000289308,1.37199e-07,1.37199e-07
0.00481605,0.01372,-0.000289309,1.37199e-07,1.37199e-07
0.00482609,0.01372,-0.000289309,1.37199e-07,1.37199e-07
0.00483612,0.01372,-0.00028931,1.37199e-07,1.37199e-07
0.00484615,0.01372,-0.00028931,1.37199e-07,1.37199e-07
0.00485619,0.01372,-0.00028931,1.37199e-07,1.37199e-07
0.00486622,0.01372,-0.000289311,1.37199e-07,1.37199e-07
0.00487625,0.01372,-0.000289311,1.37199e-07,1.37199e-07
0.00488629,0.01372,-0.000289311,1.37199e-07,1.37199e-07
0.00489632,0.01372,-0.000289311,1.37199e-07,1.37199e-07
0.00490635,0.01372,-0.00028931,1.37199e-07,1.37199e-07
0.00491639,0.01372,-0.00028931,1.37199e-07,1.37199e-07
0.00492642,0.01372,-0.000289309,1.37199e-07,1.37199e-07
0.00493645,0.01372,-0.000289308,1.37199e-07,1.37199e-07
0.00494649,0.01372,-0.000289307,1.37199e-07,1.37199e-07
0.00495652,0.01372,-0.000289306,1.37199e-07,1.37199e-07
0.00496656,0.01372,-0.000289305,1.37199e-07,1.37199e-07
0.00497659,0.01372,-0.000289303,1.37199e-07,1.37199e-07
0.00498662,0.01372,-0.000289301,1.37199e-07,1.37199e-07
0.00499666,0.01372,-0.000289299,1.37199e-07,1.37199e-07
0.00500669,0.01372,-0.000289297,1.37199e-07,1.37199e-07
0.00501672,0.01372,-0.000289294,1.37199e-07,1.37199e-07
0.00502676,0.01372,-0.000289292,1.37199e-07,1.37199e-07
0.00503679,0.01372,-0.000289289,1.37199e-07,1.37199e-07
0.00504682,0.01372,-0.000289286,1.37199e-07,1.37199e-07
0.00505686,0.01372,-0.000289282,1.37199e-07,1.37199e-07
0.00506689,0.01372,-0.000289279,1.37199e-07,1.37199e-07
0.00507692,0.01372,-0.000289275,1.37199e-07,1.37199e-07
0.00508696,0.01372,-0.000289271,1.37199e-07,1.37199e-07
0.00509699,0.01372,-0.000289267,1.37199e-07,1.37199e-07
0.00510702,0.01372,-0.000289263,1.37199e-07,1.37199e-07
0.00511706,0.01372,-0.000289258,1.37199e-07,1.37199e-07
0.00512709,0.01372,-0.000289254,1.37199e-07,1.37199e-07
0.00513712,0.01372,-0.000289249,1.37199e-07,1.37199e-07
0.00514716,0.01372,-0.000289245,1.37199e-07,1.37199e-07
0.00515719,0.01372,-0.00028924,1.37199e-07,1.37199e-07
0.00516722,0.01372,-0.000289235,1.37199e-07,1.37199e-07
0.00517726,0.01372,-0.000289234,1.37199e-07,1.37199e-07
0.00518729,0.01372,-0.000289228,1.37199e-07,1.37199e-07
0.00519732,0.01372,-0.00028922,1.37199e-07,1.37199e-07
0.00520736,0.01372,-0.000289213,1.37199e-07,1.37199e-07
0.00521739,0.01372,-0.000289205,1.37199e-07,1.37199e-07
0.00522742,0.01372,-0.000289198,1.37199e-07,1.37199e-07
0.00523746,0.01372,-0.000289192,1.37199e-07,1.37199e-07
0.00524749,0.01372,-0.000289185,1.37199e-07,1.37199e-07
0.00525753,0.01372,-0.000289179,1.37199e-07,1.37199e-07
0.00526756,0.01372,-0.000289174,1.37199e-07,1.37199e-07
0.00527759,0.01372,-0.000289168,1.37199e-07,1.37199e-07
0.00528763,0.01372,-0.000289163,1.37199e-07,1.37199e-07
0.00529766,0.01372,-0.000289158,1.37199e-07,1.37199e-07
0.00530769,0.01372,-0.000289153,1.37199e-07,1.37199e-07
0.00531773,0.01372,-0.000289148,1.37199e-07,1.37199e-07
0.00532776,0.01372,-0.000289143,1.37199e-07,1.37199e-07
0.00533779,0.01372,-0.000289139,1.37199e-07,1.37199e-07
0.00534783,0.01372,-0.000289134,1.37199e-07,1.37199e-07
0.00535786,0.01372,-0.00028913,1.37199e-07,1.37199e-07
0.00536789,0.01372,-0.000289126,1.37199e-07,1.37199e-07
0.00537793,0.01372,-0.000289122,1.37199e-07,1.37199e-07
0.00538796,0.01372,-0.000289119,1.37199e-07,1.37199e-07
0.00539799,0.01372,-0.000289116,1.37199e-07,1.37199e-07
0.00540803,0.01372,-0.000289113,1.37199e-07,1.37199e-07
0.00541806,0.01372,-0.00028911,1.37199e-07,1.37199e-07
0.00542809,0.01372,-0.000289108,1.37199e-07,1.37199e-07
0.00543813,0.01372,-0.000289107,1.37199e-07,1.37199e-07
0.00544816,0.01372,-0.000289105,1.37199e-07,1.37199e-07
0.00545819,0.01372,-0.000289104,1.37199e-07,1.37199e-07
0.00546823,0.01372,-0.000289103,1.37199e-07,1.37199e-07
0.00547826,0.01372,-0.000289102,1.37199e-07,1.37199e-07
0.00548829,0.01372,-0.000289102,1.37199e-07,1.37199e-07
0.00549833,0.01372,-0.000289101,1.37199e-07,1.37199e-07
0.00550836,0.01372,-0.000289101,1.37199e-07,1.37199e-07
0.00551839,0.01372,-0.000289101,1.37199e-07,1.37199e-07
0.00552843,0.01372,-0.000289101,1.37199e-07,1.37199e-07
0.00553846,0.01372,-0.000289101,1.37199e-07,1.37199e-07
0.00554849,0.01372,-0.000289101,1.37199e-07,1.37199e-07
0.00555853,0.01372,-0.000289101,1.37199e-07,1.37199e-07
0.00556856,0.01372,-0.000289101,1.37199e-07,1.37199e-07
0.0055786,0.01372,-0.000289101,1.37199e-07,1.37199e-07
0.00558863,0.01372,-0.000289101,1.37199e-07,1.37199e-07
0.00559866,0.01372,-0.000289101,1.37199e-07,1.37199e-07
0.0056087,0.01372,-0.000289101,1.37199e-07,1.37199e-07
0.00561873,0.01372,-0.000289101,1.37199e-07,1.37199e-07
0.00562876,0.01372,-0.000289101,1.37199e-07,1.37199e-07
0.0056388,0.01372,-0.0002891,1.37199e-07,1.37199e-07
0.00564883,0.01372,-0.0002891,1.37199e-07,1.37199e-07
0.00565886,0.01372,-0.000289099,1.37199e-07,1.37199e-07
0.0056689,0.01372,-0.000289098,1.37199e-07,1.37199e-07
0.00567893,0.01372,-0.000289097,1.37199e-07,1.37199e-07
0.00568896,0.01372,-0.000289096,1.37199e-07,1.37199e-07
0.005699,0.01372,-0.000289094,1.37199e-07,1.37199e-07
0.00570903,0.01372,-0.000289093,1.37199e-07,1.37199e-07
0.00571906,0.01372,-0.000289091,1.37199e-07,1.37199e-07
0.0057291,0.01372,-0.000289089,1.37199e-07,1.37199e-07
0.00573913,0.01372,-0.000289087,1.37199e-07,1.37199e-07
0.00574916,0.01372,-0.000289085,1.37199e-07,1.37199e-07
0.0057592,0.01372,-0.000289082,1.37199e-07,1.37199e-07
0.00576923,0.01372,-0.00028908,1.37199e-07,1.37199e-07
0.00577926,0.01372,-0.000289077,1.37199e-07,1.37199e-07
0.0057893,0.01372,-0.000289074,1.37199e-07,1.37199e-07
0.00579933,0.01372,-0.000289071,1.37199e-07,1.37199e-07
0.00580936,0.01372,-0.000289068,1.37199e-07,1.37199e-07
0.0058194,0.01372,-0.000289065,1.37199e-07,1.37199e-07
0.00582943,0.01372,-0.000289061,1.37199e-07,1.37199e-07
0.00583946,0.01372,-0.000289058,1.37199e-07,1.37199e-07
0.0058495,0.01372,-0.000289054,1.37199e-07,1.37199e-07
0.00585953,0.01372,-0.000289051,1.37199e-07,1.37199e-07
0.00586957,0.01372,-0.000289047,1.37199e-07,1.37199e-07
0.0058796,0.01372,-0.000289043,1.37199e-07,1.37199e-07
0.00588963,0.01372,-0.00028904,1.37199e-07,1.37199e-07
0.00589967,0.01372,-0.000289036,1.37199e-07,1.37199e-07
0.0059097,0.01372,-0.000289032,1.37199e-07,1.37199e-07
0.00591973,0.01372,-0.000289028,1.37199e-07,1.37199e-07
0.00592977,0.01372,-0.000289024,1.37199e-07,1.37199e-07
0.0059398,0.01372,-0.000289019,1.37199e-07,1.37199e-07
0.00594983,0.01372,-0.000289013,1.37199e-07,1.37199e-07
0.00595987,0.01372,-0.000289008,1.37199e-07,1.37199e-07
0.0059699,0.01372,-0.000289003,1.37199e-07,1.37199e-07
0.00597993,0.01372,-0.000288998,1.37199e-07,1.37199e-07
0.00598997,0.01372,-0.000288994,1.37199e-07,1.37199e-07
0.006,0.01372,-0.000288989,1.37199e-07,1.37199e-07
0.00601003,0.01372,-0.000288985,1.37199e-07,1.37199e-07
0.00602007,0.01372,-0.000288981,1.37199e-07,1.37199e-07
0.0060301,0.01372,-0.000288977,1.37199e-07,1.37199e-07
0.00604013,0.01372,-0.000288974,1.37199e-07,1.37199e-07
0.00605017,0.01372,-0.000288976,1.37199e-07,1.37199e-07
0.0060602,0.01372,-0.00028897,1.37199e-07,1.37199e-07
0.00607023,0.01372,-0.000288967,1.37199e-07,1.37199e-07
0.00608027,0.01372,-0.000288964,1.37199e-07,1.37199e-07
0.0060903,0.01372,-0.000288961,1.37199e-07,1.37199e-07
0.00610033,0.01372,-0.000288959,1.37199e-07,1.37199e-07
0.00611037,0.01372,-0.000288957,1.37199e-07,1.37199e-07
0.0061204,0.01372,-0.000288956,1.37199e-07,1.37199e-07
0.00613043,0.01372,-0.000288955,1.37199e-07,1.37199e-07
0.00614047,0.01372,-0.000288954,1.37199e-07,1.37199e-07
0.0061505,0.01372,-0.000288953,1.37199e-07,1.37199e-07
0.00616054,0.01372,-0.000288952,1.37199e-07,1.37199e-07
0.00617057,0.01372,-0.000288952,1.37199e-07,1.37199e-07
0.0061806,0.01372,-0.000288951,1.37199e-07,1.37199e-07
0.00619064,0.01372,-0.000288951,1.37199e-07,1.37199e-07
0.00620067,0.01372,-0.000288951,1.37199e-07,1.37199e-07
0.0062107,0.01372,-0.000288951,1.37199e-07,1.37199e-07
0.00622074,0.01372,-0.000288951,1.37199e-07,1.37199e-07
0.00623077,0.01372,-0.000288951,1.37199e-07,1.37199e-07
0.0062408,0.01372,-0.000288951,1.37199e-07,1.37199e-07
0.00625084,0.01372,-0.000288951,1.37199e-07,1.37199e-07
0.00626087,0.01372,-0.000288951,1.37199e-07,1.37199e-07
0.0062709,0.01372,-0.000288951,1.37199e-07,1.37199e-07
0.00628094,0.01372,-0.000288951,1.37199e-07,1.37199e-07
0.00629097,0.01372,-0.000288951,1.37199e-07,1.37199e-07
0.006301,0.01372,-0.000288951,1.37199e-07,1.37199e-07
0.00631104,0.01372,-0.000288951,1.37199e-07,1.37199e-07
0.00632107,0.01372,-0.00028895,1.37199e-07,1.37199e-07
0.0063311,0.01372,-0.00028895,1.37199e-07,1.37199e-07
0.00634114,0.01372,-0.00028895,1.37199e-07,1.37199e-07
0.00635117,0.01372,-0.000288949,1.37199e-07,1.37199e-07
0.0063612,0.01372,-0.000288948,1.37199e-07,1.37199e-07
0.00637124,0.01372,-0.000288947,1.37199e-07,1.37199e-07
0.00638127,0.01372,-0.000288947,1.37199e-07,1.37199e-07
0.0063913,0.01372,-0.000288947,1.37199e-07,1.37199e-07
0.00640134,0.01372,-0.000288946,1.37199e-07,1.37199e-07
0.00641137,0.01372,-0.000288944,1.37199e-07,1.37199e-07
0.0064214,0.01372,-0.000288941,1.37199e-07,1.37199e-07
0.00643144,0.01372,-0.000288939,1.37199e-07,1.37199e-07
0.00644147,0.01372,-0.000288936,1.37199e-07,1.37199e-07
0.00645151,0.01372,-0.000288933,1.37199e-07,1.37199e-07
0.00646154,0.01372,-0.00028893,1.37199e-07,1.37199e-07
0.00647157,0.01372,-0.000288928,1.37199e-07,1.37199e-07
0.00648161,0.01372,-0.000288925,1.37199e-07,1.37199e-07
0.00649164,0.01372,-0.000288922,1.37199e-07,1.37199e-07
0.00650167,0.01372,-0.000288919,1.37199e-07,1.37199e-07
0.00651171,0.01372,-0.000288916,1.37199e-07,1.37199e-07
0.00652174,0.01372,-0.000288913,1.37199e-07,1.37199e-07
0.00653177,0.01372,-0.00028891,1.37199e-07,1.37199e-07
0.00654181,0.01372,-0.000288907,1.37199e-07,1.37199e-07
0.00655184,0.01372,-0.000288906,1.37199e-07,1.37199e-07
0.00656187,0.01372,-0.000288904,1.37199e-07,1.37199e-07
0.00657191,0.01372,-0.000288901,1.37199e-07,1.37199e-07
0.00658194,0.01372,-0.000288897,1.37199e-07,1.37199e-07
0.00659197,0.01372,-0.000288893,1.37199e-07,1.37199e-07
0.00660201,0.01372,-0.000288889,1.37199e-07,1.37199e-07
0.00661204,0.01372,-0.000288885,1.37199e-07,1.37199e-07
0.00662207,0.01372,-0.000288881,1.37199e-07,1.37199e-07
0.00663211,0.01372,-0.000288877,1.37199e-07,1.37199e-07
0.00664214,0.01372,-0.000288874,1.37199e-07,1.37199e-07
0.00665217,0.01372,-0.000288871,1.37199e-07,1.37199e-07
0.00666221,0.01372,-0.000288868,1.37199e-07,1.37199e-07
0.00667224,0.01372,-0.000288865,1.37199e-07,1.37199e-07
0.00668227,0.01372,-0.000288862,1.37199e-07,1.37199e-07
0.00669231,0.01372,-0.00028886,1.37199e-07,1.37199e-07
0.00670234,0.01372,-0.000288857,1.37199e-07,1.37199e-07
0.00671237,0.01372,-0.000288855,1.37199e-07,1.37199e-07
0.00672241,0.01372,-0.000288853,1.37199e-07,1.37199e-07
0.00673244,0.01372,-0.000288851,1.37199e-07,1.37199e-07
0.00674247,0.01372,-0.000288849,1.37199e-07,1.37199e-07
0.00675251,0.01372,-0.000288848,1.37199e-07,1.37199e-07
0.00676254,0.01372,-0.000288847,1.37199e-07,1.37199e-07
0.00677258,0.01372,-0.000288846,1.37199e-07,1.37199e-07
0.00678261,0.01372,-0.000288845,1.37199e-07,1.37199e-07
0.00679264,0.01372,-0.000288844,1.37199e-07,1.37199e-07
0.00680268,0.01372,-0.000288843,1.37199e-07,1.37199e-07
0.00681271,0.01372,-0.000288843,1.37199e-07,1.37199e-07
0.00682274,0.01372,-0.000288842,1.37199e-07,1.37199e-07
0.00683278,0.01372,-0.000288842,1.37199e-07,1.37199e-07
0.00684281,0.01372,-0.000288842,1.37199e-07,1.37199e-07
0.00685284,0.01372,-0.000288842,1.37199e-07,1.37199e-07
0.00686288,0.01372,-0.000288842,1.37199e-07,1.37199e-07
0.00687291,0.01372,-0.000288842,1.37199e-07,1.37199e-07
0.00688294,0.01372,-0.000288842,1.37199e-07,1.37199e-07
0.00689298,0.01372,-0.000288843,1.37199e-07,1.37199e-07
0.00690301,0.01372,-0.000288843,1.37199e-07,1.37199e-07
0.00691304,0.01372,-0.000288843,1.37199e-07,1.37199e-07
0.00692308,0.01372,-0.000288843,1.37199e-07,1.37199e-07
0.00693311,0.01372,-0.000288843,1.37199e-07,1.37199e-07
0.00694314,0.01372,-0.000288843,1.37199e-07,1.37199e-07
0.00695318,0.01372,-0.000288843,1.37199e-07,1.37199e-07
0.00696321,0.01372,-0.000288843,1.37199e-07,1.37199e-07
0.00697324,0.01372,-0.000288843,1.37199e-07,1.37199e-07
0.00698328,0.01372,-0.000288842,1.37199e-07,1.37199e-07
0.00699331,0.01372,-0.000288842,1.37199e-07,1.37199e-07
0.00700334,0.01372,-0.000288841,1.37199e-07,1.37199e-07
0.00701338,0.01372,-0.000288841,1.37199e-07,1.37199e-07
0.00702341,0.01372,-0.00028884,1.37199e-07,1.37199e-07
0.00703344,0.01372,-0.000288839,1.37199e-07,1.37199e-07
0.00704348,0.01372,-0.000288837,1.37199e-07,1.37199e-07
0.00705351,0.01372,-0.000288836,1.37199e-07,1.37199e-07
0.00706355,0.01372,-0.000288835,1.37199e-07,1.37199e-07
0.00707358,0.01372,-0.000288833,1.37199e-07,1.37199e-07
0.00708361,0.01372,-0.000288831,1.37199e-07,1.37199e-07
0.00709365,0.01372,-0.000288829,1.37199e-07,1.37199e-07
0.00710368,0.01372,-0.000288827,1.37199e-07,1.37199e-07
0.00711371,0.01372,-0.000288825,1.37199e-07,1.37199e-07
0.00712375,0.01372,-0.000288823,1.37199e-07,1.37199e-07
0.00713378,0.01372,-0.00028882,1.37199e-07,1.37199e-07
0.00714381,0.01372,-0.000288817,1.37199e-07,1.37199e-07
0.00715385,0.01372,-0.000288815,1.37199e-07,1.37199e-07
0.00716388,0.01372,-0.000288812,1.37199e-07,1.37199e-07
0.00717391,0.01372,-0.000288809,1.37199e-07,1.37199e-07
0.00718395,0.01372,-0.000288806,1.37199e-07,1.37199e-07
0.00719398,0.01372,-0.000288802,1.37199e-07,1.37199e-07
0.00720401,0.01372,-0.000288799,1.37199e-07,1.37199e-07
0.00721405,0.01372,-0.000288796,1.37199e-07,1.37199e-07
0.00722408,0.01372,-0.000288793,1.37199e-07,1.37199e-07
0.00723411,0.01372,-0.00028879,1.37199e-07,1.37199e-07
0.00724415,0.01372,-0.000288786,1.37199e-07,1.37199e-07
0.00725418,0.01372,-0.000288783,1.37199e-07,1.37199e-07
0.00726421,0.01372,-0.00028878,1.37199e-07,1.37199e-07
0.00727425,0.01372,-0.000288777,1.37199e-07,1.37199e-07
0.00728428,0.01372,-0.000288773,1.37199e-07,1.37199e-07
0.00729431,0.01372,-0.00028877,1.37199e-07,1.37199e-07
0.00730435,0.01372,-0.000288767,1.37199e-07,1.37199e-07
0.00731438,0.01372,-0.000288764,1.37199e-07,1.37199e-07
0.00732441,0.01372,-0.000288761,1.37199e-07,1.37199e-07
0.00733445,0.01372,-0.000288758,1.37199e-07,1.37199e-07
0.00734448,0.01372,-0.000288755,1.37199e-07,1.37199e-07
0.00735452,0.01372,-0.000288752,1.37199e-07,1.37199e-07
0.00736455,0.01372,-0.000288749,1.37199e-07,1.37199e-07
0.00737458,0.01372,-0.000288747,1.37199e-07,1.37199e-07
0.00738462,0.01372,-0.000288745,1.37199e-07,1.37199e-07
0.00739465,0.01372,-0.000288742,1.37199e-07,1.37199e-07
0.00740468,0.01372,-0.00028874,1.37199e-07,1.37199e-07
0.00741472,0.01372,-0.000288739,1.37199e-07,1.37199e-07
0.00742475,0.01372,-0.000288737,1.37199e-07,1.37199e-07
0.00743478,0.01372,-0.000288736,1.37199e-07,1.37199e-07
0.00744482,0.01372,-0.000288734,1.37199e-07,1.37199e-07
0.00745485,0.01372,-0.000288733,1.37199e-07,1.37199e-07
0.00746488,0.01372,-0.000288732,1.37199e-07,1.37199e-07
0.00747492,0.01372,-0.000288731,1.37199e-07,1.37199e-07
0.00748495,0.01372,-0.00028873,1.37199e-07,1.37199e-07
0.00749498,0.01372,-0.000288729,1.37199e-07,1.37199e-07
0.00750502,0.01372,-0.000288728,1.37199e-07,1.37199e-07
0.00751505,0.01372,-0.000288728,1.37199e-07,1.37199e-07
0.00752508,0.01372,-0.000288727,1.37199e-07,1.37199e-07
0.00753512,0.01372,-0.000288727,1.37199e-07,1.37199e-07
0.00754515,0.01372,-0.000288726,1.37199e-07,1.37199e-07
0.00755518,0.01372,-0.000288726,1.37199e-07,1.37199e-07
0.00756522,0.01372,-0.000288725,1.37199e-07,1.37199e-07
0.00757525,0.01372,-0.000288724,1.37199e-07,1.37199e-07
0.00758528,0.01372,-0.000288724,1.37199e-07,1.37199e-07
0.00759532,0.01372,-0.000288723,1.37199e-07,1.37199e-07
0.00760535,0.01372,-0.000288722,1.37199e-07,1.37199e-07
0.00761538,0.01372,-0.000288721,1.37199e-07,1.37199e-07
0.00762542,0.01372,-0.000288721,1.37199e-07,1.37199e-07
0.00763545,0.01372,-0.00028872,1.37199e-07,1.37199e-07
0.00764548,0.01372,-0.000288719,1.37199e-07,1.37199e-07
0.00765552,0.01372,-0.000288718,1.37199e-07,1.37199e-07
0.00766555,0.01372,-0.000288717,1.37199e-07,1.37199e-07
0.00767559,0.01372,-0.000288716,1.37199e-07,1.37199e-07
0.00768562,0.01372,-0.000288715,1.37199e-07,1.37199e-07
0.00769565,0.01372,-0.000288714,1.37199e-07,1.37199e-07
0.00770569,0.01372,-0.000288713,1.37199e-07,1.37199e-07
0.00771572,0.01372,-0.000288711,1.37199e-07,1.37199e-07
0.00772575,0.01372,-0.00028871,1.37199e-07,1.37199e-07
0.00773579,0.01372,-0.000288709,1.37199e-07,1.37199e-07
0.00774582,0.01372,-0.000288707,1.37199e-07,1.37199e-07
0.00775585,0.01372,-0.000288706,1.37199e-07,1.37199e-07
0.00776589,0.01372,-0.000288704,1.37199e-07,1.37199e-07
0.00777592,0.01372,-0.000288702,1.37199e-07,1.37199e-07
0.00778595,0.01372,-0.0002887,1.37199e-07,1.37199e-07
0.00779599,0.01372,-0.000288699,1.37199e-07,1.37199e-07
0.00780602,0.01372,-0.000288697,1.37199e-07,1.37199e-07
0.00781605,0.01372,-0.000288695,1.37199e-07,1.37199e-07
0.00782609,0.01372,-0.000288693,1.37199e-07,1.37199e-07
0.00783612,0.01372,-0.000288691,1.37199e-07,1.37199e-07
0.00784615,0.01372,-0.000288689,1.37199e-07,1.37199e-07
0.00785619,0.01372,-0.000288686,1.37199e-07,1.37199e-07
0.00786622,0.01372,-0.000288684,1.37199e-07,1.37199e-07
0.00787625,0.01372,-0.000288682,1.37199e-07,1.37199e-07
0.00788629,0.01372,-0.00028868,1.37199e-07,1.37199e-07
0.00789632,0.01372,-0.000288678,1.37199e-07,1.37199e-07
0.00790635,0.01372,-0.000288676,1.37199e-07,1.37199e-07
0.00791639,0.01372,-0.000288674,1.37199e-07,1.37199e-07
0.00792642,0.01372,-0.000288673,1.37199e-07,1.37199e-07
0.00793645,0.01372,-0.000288671,1.37199e-07,1.37199e-07
0.00794649,0.01372,-0.000288669,1.37199e-07,1.37199e-07
0.00795652,0.01372,-0.000288667,1.37199e-07,1.37199e-07
0.00796656,0.01372,-0.000288666,1.37199e-07,1.37199e-07
0.00797659,0.01372,-0.000288664,1.37199e-07,1.37199e-07
0.00798662,0.01372,-0.000288663,1.37199e-07,1.37199e-07
0.00799666,0.01372,-0.000288662,1.37199e-07,1.37199e-07
0.00800669,0.01372,-0.000288661,1.37199e-07,1.37199e-07
0.00801672,0.01372,-0.00028866,1.37199e-07,1.37199e-07
0.00802676,0.01372,-0.000288659,1.37199e-07,1.37199e-07
0.00803679,0.01372,-0.000288658,1.37199e-07,1.37199e-07
0.00804682,0.01372,-0.000288657,1.37199e-07,1.37199e-07
0.00805686,0.01372,-0.000288657,1.37199e-07,1.37199e-07
0.00806689,0.01372,-0.000288656,1.37199e-07,1.37199e-07
0.00807692,0.01372,-0.000288656,1.37199e-07,1.37199e-07
0.00808696,0.01372,-0.000288655,1.37199e-07,1.37199e-07
0.00809699,0.01372,-0.000288655,1.37199e-07,1.37199e-07
0.00810702,0.01372,-0.000288654,1.37199e-07,1.37199e-07
0.00811706,0.01372,-0.000288653,1.37199e-07,1.37199e-07
0.00812709,0.01372,-0.000288653,1.37199e-07,1.37199e-07
0.00813712,0.01372,-0.000288653,1.37199e-07,1.37199e-07
0.00814716,0.01372,-0.000288652,1.37199e-07,1.37199e-07
0.00815719,0.01372,-0.000288652,1.37199e-07,1.37199e-07
0.00816722,0.01372,-0.000288651,1.37199e-07,1.37199e-07
0.00817726,0.01372,-0.000288651,1.37199e-07,1.37199e-07
0.00818729,0.01372,-0.000288651,1.37199e-07,1.37199e-07
0.00819732,0.01372,-0.000288651,1.37199e-07,1.37199e-07
0.00820736,0.01372,-0.00028865,1.37199e-07,1.37199e-07
0.00821739,0.01372,-0.00028865,1.37199e-07,1.37199e-07
0.00822742,0.01372,-0.00028865,1.37199e-07,1.37199e-07
0.00823746,0.01372,-0.000288649,1.37199e-07,1.37199e-07
0.00824749,0.01372,-0.000288649,1.37199e-07,1.37199e-07
0.00825753,0.01372,-0.000288648,1.37199e-07,1.37199e-07
0.00826756,0.01372,-0.000288648,1.37199e-07,1.37199e-07
0.00827759,0.01372,-0.000288647,1.37199e-07,1.37199e-07
0.00828763,0.01372,-0.000288646,1.37199e-07,1.37199e-07
0.00829766,0.01372,-0.000288646,1.37199e-07,1.37199e-07
0.00830769,0.01372,-0.000288645,1.37199e-07,1.37199e-07
0.00831773,0.01372,-0.000288644,1.37199e-07,1.37199e-07
0.00832776,0.01372,-0.000288643,1.37199e-07,1.37199e-07
0.00833779,0.01372,-0.000288642,1.37199e-07,1.37199e-07
0.00834783,0.01372,-0.000288641,1.37199e-07,1.37199e-07
0.00835786,0.01372,-0.00028864,1.37199e-07,1.37199e-07
0.00836789,0.01372,-0.000288639,1.37199e-07,1.37199e-07
0.00837793,0.01372,-0.000288637,1.37199e-07,1.37199e-07
0.00838796,0.01372,-0.000288636,1.37199e-07,1.37199e-07
0.00839799,0.01372,-0.000288635,1.37199e-07,1.37199e-07
0.00840803,0.01372,-0.000288633,1.37199e-07,1.37199e-07
0.00841806,0.01372,-0.000288632,1.37199e-07,1.37199e-07
0.00842809,0.01372,-0.000288631,1.37199e-07,1.37199e-07
0.00843813,0.01372,-0.000288629,1.37199e-07,1.37199e-07
0.00844816,0.01372,-0.000288628,1.37199e-07,1.37199e-07
0.00845819,0.01372,-0.000288626,1.37199e-07,1.37199e-07
0.00846823,0.01372,-0.000288624,1.37199e-07,1.37199e-07
0.00847826,0.01372,-0.000288623,1.372e-07,1.37199e-07
0.00848829,0.01372,-0.000288621,1.372e-07,1.37199e-07
0.00849833,0.01372,-0.000288619,1.372e-07,1.37199e-07
0.00850836,0.01372,-0.000288618,1.372e-07,1.37199e-07
0.00851839,0.01372,-0.000288616,1.37201e-07,1.37199e-07
0.00852843,0.01372,-0.000288614,1.37201e-07,1.37199e-07
0.00853846,0.01372,-0.000288612,1.37202e-07,1.37199e-07
0.00854849,0.01372,-0.000288611,1.37202e-07,1.37199e-07
0.00855853,0.01372,-0.000288609,1.37203e-07,1.37199e-07
0.00856856,0.01372,-0.000288608,1.37204e-07,1.37199e-07
0.0085786,0.01372,-0.000288606,1.37205e-07,1.37199e-07
0.00858863,0.01372,-0.000288605,1.37206e-07,1.37199e-07
0.00859866,0.01372,-0.000288603,1.37208e-07,1.37199e-07
0.0086087,0.01372,-0.000288602,1.37209e-07,1.37199e-07
0.00861873,0.01372,-0.000288601,1.37211e-07,1.37199e-07
0.00862876,0.01372,-0.000288599,1.37214e-07,1.37199e-07
0.0086388,0.01372,-0.000288598,1.37217e-07,1.37199e-07
0.00864883,0.01372,-0.000288597,1.3722e-07,1.37199e-07
0.00865886,0.01372,-0.000288596,1.37224e-07,1.37199e-07
0.0086689,0.01372,-0.000288595,1.37228e-07,1.37199e-07
0.00867893,0.01372,-0.000288594,1.37234e-07,1.37199e-07
0.00868896,0.01372,-0.000288593,1.3724e-07,1.37199e-07
0.008699,0.01372,-0.000288592,1.37247e-07,1.37199e-07
0.00870903,0.01372,-0.000288591,1.37255e-07,1.37199e-07
0.00871906,0.01372,-0.00028859,1.37265e-07,1.37199e-07
0.0087291,0.01372,-0.000288589,1.37276e-07,1.37199e-07
0.00873913,0.01372,-0.000288589,1.37289e-07,1.37199e-07
0.00874916,0.01372,-0.000288588,1.37305e-07,1.37199e-07
0.0087592,0.01372,-0.000288587,1.37322e-07,1.37199e-07
0.00876923,0.01372,-0.000288587,1.37342e-07,1.37199e-07
0.00877926,0.01372,-0.000288586,1.37365e-07,1.37199e-07
0.0087893,0.01372,-0.000288585,1.37392e-07,1.37199e-07
0.00879933,0.01372,-0.000288585,1.37422e-07,1.37199e-07
0.00880936,0.01372,-0.000288584,1.37457e-07,1.37199e-07
0.0088194,0.01372,-0.000288584,1.37497e-07,1.37199e-07
0.00882943,0.01372,-0.000288583,1.37542e-07,1.37199e-07
0.00883946,0.01372,-0.000288583,1.37594e-07,1.37199e-07
0.0088495,0.01372,-0.000288582,1.37653e-07,1.37199e-07
0.00885953,0.01372,-0.000288581,1.3772e-07,1.37199e-07
0.00886957,0.01372,-0.000288581,1.37796e-07,1.37199e-07
0.0088796,0.01372,-0.00028858,1.37882e-07,1.37199e-07
0.00888963,0.01372,-0.000288579,1.37979e-07,1.37199e-07
0.00889967,0.01372,-0.000288578,1.38089e-07,1.37199e-07
0.0089097,0.01372,-0.000288578,1.38213e-07,1.37199e-07
0.00891973,0.01372,-0.000288577,1.38353e-07,1.37199e-07
0.00892977,0.01372,-0.000288577,1.3851e-07,1.37199e-07
0.0089398,0.01372,-0.000288576,1.38686e-07,1.37199e-07
0.00894983,0.01372,-0.000288575,1.38884e-07,1.37199e-07
0.00895987,0.01372,-0.000288573,1.39105e-07,1.37199e-07
0.0089699,0.01372,-0.000288571,1.39353e-07,1.37199e-07
0.00897993,0.01372,-0.000288569,1.39629e-07,1.37199e-07
0.00898997,0.01372,-0.000288568,1.39936e-07,1.37199e-07
0.009,0.01372,-0.000288566,1.40279e-07,1.37199e-07
0.00901003,0.01372,-0.000288564,1.40659e-07,1.37199e-07
0.00902007,0.01372,-0.000288562,1.41082e-07,1.37199e-07
0.0090301,0.01372,-0.00028856,1.4155e-07,1.37199e-07
0.00904013,0.01372,-0.000288559,1.42067e-07,1.37199e-07
0.00905017,0.01372,-0.000288557,1.42639e-07,1.37199e-07
0.0090602,0.01372,-0.000288555,1.4327e-07,1.37199e-07
0.00907023,0.01372,-0.000288554,1.43966e-07,1.37199e-07
0.00908027,0.01372,-0.000288552,1.44731e-07,1.37199e-07
0.0090903,0.01372,-0.000288551,1.45571e-07,1.37199e-07
0.00910033,0.01372,-0.000288549,1.46492e-07,1.37199e-07
0.00911037,0.01372,-0.000288548,1.47502e-07,1.37199e-07
0.0091204,0.01372,-0.000288546,1.48606e-07,1.37199e-07
0.00913043,0.01372,-0.000288545,1.49813e-07,1.37199e-07
0.00914047,0.01372,-0.000288543,1.51128e-07,1.37199e-07
0.0091505,0.01372,-0.000288542,1.52562e-07,1.37199e-07
0.00916054,0.01372,-0.00028854,1.54121e-07,1.37199e-07
0.00917057,0.01372,-0.000288539,1.55814e-07,1.37199e-07
0.0091806,0.01372,-0.000288538,1.57651e-07,1.37199e-07
0.00919064,0.01372,-0.000288536,1.59641e-07,1.37199e-07
0.00920067,0.01372,-0.000288535,1.61793e-07,1.37199e-07
0.0092107,0.01372,-0.000288534,1.64117e-07,1.37199e-07
0.00922074,0.01372,-0.000288533,1.66625e-07,1.37199e-07
0.00923077,0.01372,-0.000288532,1.69326e-07,1.37199e-07
0.0092408,0.01372,-0.00028853,1.72232e-07,1.37199e-07
0.00925084,0.01372,-0.000288529,1.75354e-07,1.37199e-07
0.00926087,0.01372,-0.000288528,1.78702e-07,1.37199e-07
0.0092709,0.01372,-0.000288526,1.8229e-07,1.37199e-07
0.00928094,0.01372,-0.000288525,1.86128e-07,1.37199e-07
0.00929097,0.01372,-0.000288524,1.90229e-07,1.37199e-07
0.009301,0.01372,-0.000288522,1.94605e-07,1.37199e-07
0.00931104,0.01372,-0.000288521,1.99267e-07,1.37199e-07
0.00932107,0.01372,-0.00028852,2.04228e-07,1.37199e-07
0.0093311,0.01372,-0.000288519,2.09499e-07,1.37199e-07
0.00934114,0.01372,-0.000288518,2.15094e-07,1.37199e-07
0.00935117,0.01372,-0.000288517,2.21023e-07,1.37199e-07
0.0093612,0.01372,-0.000288516,2.27298e-07,1.37199e-07
0.00937124,0.01372,-0.000288516,2.3393e-07,1.37199e-07
0.00938127,0.01372,-0.000288515,2.4093e-07,1.37199e-07
0.0093913,0.01372,-0.000288514,2.48309e-07,1.37199e-07
0.00940134,0.01372,-0.000288513,2.56078e-07,1.37199e-07
0.00941137,0.01372,-0.000288513,2.64244e-07,1.37199e-07
0.0094214,0.01372,-0.000288512,2.72818e-07,1.37199e-07
0.00943144,0.01372,-0.000288511,2.81808e-07,1.37199e-07
0.00944147,0.01372,-0.00028851,2.91222e-07,1.37199e-07
0.00945151,0.01372,-0.00028851,3.01065e-07,1.37199e-07
0.00946154,0.01372,-0.000288509,3.11344e-07,1.37199e-07
0.00947157,0.01372,-0.000288508,3.22065e-07,1.37199e-07
0.00948161,0.01372,-0.000288507,3.3323e-07,1.37199e-07
0.00949164,0.01372,-0.000288507,3.44844e-07,1.37199e-07
0.00950167,0.01372,-0.000288506,3.56907e-07,1.37199e-07
0.00951171,0.01372,-0.000288505,3.6942e-07,1.37199e-07
0.00952174,0.01372,-0.000288504,3.82383e-07,1.37199e-07
0.00953177,0.01372,-0.000288503,3.95794e-07,1.37199e-07
0.00954181,0.01372,-0.000288502,4.09649e-07,1.37199e-07
0.00955184,0.01372,-0.000288501,4.23945e-07,1.37199e-07
0.00956187,0.01372,-0.0002885,4.38675e-07,1.37199e-07
0.00957191,0.01372,-0.000288499,4.53831e-07,1.37199e-07
0.00958194,0.01372,-0.000288498,4.69406e-07,1.37199e-07
0.00959197,0.01372,-0.000288497,4.85389e-07,1.37199e-07
0.00960201,0.01372,-0.000288496,5.01769e-07,1.37199e-07
0.00961204,0.01372,-0.000288494,5.18532e-07,1.37199e-07
0.00962207,0.01372,-0.000288493,5.35664e-07,1.37199e-07
0.00963211,0.01372,-0.000288492,5.5315e-07,1.37199e-07
0.00964214,0.01372,-0.000288491,5.70973e-07,1.37199e-07
0.00965217,0.01372,-0.00028849,5.89114e-07,1.37199e-07
0.00966221,0.01372,-0.000288488,6.07555e-07,1.37199e-07
0.00967224,0.01372,-0.000288487,6.26273e-07,1.37199e-07
0.00968227,0.01372,-0.000288486,6.45249e-07,1.37199e-07
0.00969231,0.01372,-0.000288485,6.64458e-07,1.37199e-07
0.00970234,0.01372,-0.000288484,6.83877e-07,1.37199e-07
0.00971237,0.01372,-0.000288482,7.03481e-07,1.37199e-07
0.00972241,0.01372,-0.000288481,7.23246e-07,1.37199e-07
0.00973244,0.01372,-0.00028848,7.43143e-07,1.37199e-07
0.00974247,0.01372,-0.000288479,7.63146e-07,1.37199e-07
0.00975251,0.01372,-0.000288477,7.83227e-07,1.37199e-07
0.00976254,0.01372,-0.000288476,8.03358e-07,1.37199e-07
0.00977258,0.01372,-0.000288475,8.2351e-07,1.37199e-07
0.00978261,0.01372,-0.000288473,8.43652e-07,1.37199e-07
0.00979264,0.01372,-0.000288472,8.63756e-07,1.37199e-07
0.00980268,0.01372,-0.000288471,8.83792e-07,1.37199e-07
0.00981271,0.01372,-0.000288469,9.03728e-07,1.37199e-07
0.00982274,0.01372,-0.000288468,9.23535e-07,1.37199e-07
0.00983278,0.01372,-0.000288467,9.43181e-07,1.37199e-07
0.00984281,0.01372,-0.000288466,9.62637e-07,1.37199e-07
0.00985284,0.01372,-0.000288465,9.81873e-07,1.37199e-07
0.00986288,0.01372,-0.000288464,1.00086e-06,1.37199e-07
0.00987291,0.01372,-0.000288463,1.01957e-06,1.37199e-07
0.00988294,0.01372,-0.000288462,1.03798e-06,1.37199e-07
0.00989298,0.01372,-0.000288461,1.05605e-06,1.37199e-07
0.00990301,0.01372,-0.000288461,1.07378e-06,1.37199e-07
0.00991304,0.01372,-0.00028846,1.09112e-06,1.37199e-07
0.00992308,0.01372,-0.000288459,1.10807e-06,1.37199e-07
0.00993311,0.01372,-0.000288459,1.12459e-06,1.37199e-07
0.00994314,0.01372,-0.000288458,1.14066e-06,1.37199e-07
0.00995318,0.01372,-0.000288458,1.15627e-06,1.37199e-07
0.00996321,0.01372,-0.000288457,1.1714e-06,1.37199e-07
0.00997324,0.01372,-0.000288457,1.18603e-06,1.37199e-07
0.00998328,0.01372,-0.000288457,1.20015e-06,1.37199e-07
0.00999331,0.01372,-0.000288456,1.21373e-06,1.37199e-07
0.0100033,0.01372,-0.000288456,1.2267e-06,1.37199e-07
0.0100134,0.01372,-0.000288455,1.239e-06,1.37199e-07
0.0100234,0.01372,-0.000288455,1.25058e-06,1.37199e-07
0.0100334,0.01372,-0.000288455,1.26151e-06,1.37199e-07
0.0100435,0.01372,-0.000288454,1.27206e-06,1.37199e-07
0.0100535,0.01372,-0.000288454,1.28263e-06,1.37199e-07
0.0100635,0.01372,-0.000288454,1.29365e-06,1.37199e-07
0.0100736,0.01372,-0.000288454,1.30516e-06,1.37199e-07
0.0100836,0.01372,-0.000288453,1.3164e-06,1.37199e-07
0.0100936,0.01372,-0.000288453,1.32532e-06,1.37199e-07
0.0101037,0.01372,-0.000288453,1.32826e-06,1.37199e-07
0.0101137,0.01372,-0.000288452,1.31995e-06,1.37199e-07
0.0101237,0.01372,-0.000288452,1.31633e-06,1.37199e-07
0.0101338,0.01372,-0.000288452,1.34068e-06,1.37199e-07
0.0101438,0.01372,-0.000288452,1.40154e-06,1.37199e-07
0.0101538,0.01372,-0.000288452,1.4828e-06,1.37199e-07
0.0101639,0.01372,-0.000288452,1.54773e-06,1.37199e-07
0.0101739,0.01372,-0.000288452,1.55257e-06,1.37199e-07
0.0101839,0.01372,-0.000288452,2.69519e-06,1.37199e-07
0.010194,0.01372,-0.000288452,6.11178e-06,-1.09782e-06
0.010204,0.01372,-0.000288452,1.72545e-05,-3.36393e-06
0.010214,0.01372,-0.000288453,4.644e-05,-9.74701e-06
0.0102241,0.01372,-0.000288453,0.000109836,-2.57756e-05
0.0102341,0.01372,-0.000288454,0.000221278,-5.5707e-05
0.0102441,0.01372,-0.000288454,0.000389998,-9.45216e-05
0.0102542,0.01372,-0.000288455,0.000616602,-0.000134981
0.0102642,0.01372,-0.000288456,0.000894421,-0.000173089
0.0102742,0.01372,-0.000288458,0.00121385,-0.000207857
0.0102843,0.01372,-0.000288459,0.00156561,-0.000239183
0.0102943,0.01372,-0.000288461,0.00194149,-0.000267292
0.0103043,0.01372,-0.000288463,0.00233454,-0.000292518
0.0103144,0.01372,-0.000288466,0.00273895,-0.000315212
0.0103244,0.01372,-0.000288468,0.00314993,-0.000335677
0.0103344,0.01372,-0.000288471,0.0035635,-0.000354194
0.0103445,0.01372,-0.000288475,0.00397645,-0.000371004
0.0103545,0.01372,-0.000288478,0.00438614,-0.000386314
0.0103645,0.01372,-0.000288483,0.00479043,-0.000400299
0.0103746,0.01372,-0.000288487,0.0051876,-0.000413112
0.0103846,0.01372,-0.000288493,0.0055763,-0.000424879
0.0103946,0.01372,-0.000288498,0.00595545,-0.000435713
0.0104047,0.01372,-0.000288504,0.00632422,-0.000445699
0.0104147,0.01372,-0.000288511,0.00668199,-0.000454934
0.0104247,0.01372,-0.000288518,0.0070283,-0.000463488
0.0104348,0.01372,-0.000288526,0.00736286,-0.000471423
0.0104448,0.01372,-0.000288534,0.00768549,-0.000478795
0.0104548,0.01372,-0.000288543,0.0079961,-0.000485652
0.0104649,0.01372,-0.000288553,0.0082947,-0.000492038
0.0104749,0.01372,-0.000288563,0.00858135,-0.000497992
0.0104849,0.01372,-0.000288574,0.00885619,-0.000503547
0.010495,0.01372,-0.000288586,0.00911939,-0.000508736
0.010505,0.01372,-0.000288598,0.00937116,-0.000513585
0.0105151,0.01372,-0.000288611,0.00961176,-0.00051812
0.0105251,0.01372,-0.000288624,0.00984145,-0.000522364
0.0105351,0.01372,-0.000288638,0.0100605,-0.000526337
0.0105452,0.01372,-0.000288652,0.0102693,-0.000530059
0.0105552,0.01372,-0.000288668,0.0104681,-0.000533547
0.0105652,0.01372,-0.000288683,0.0106572,-0.000536816
0.0105753,0.01372,-0.000288699,0.0108369,-0.000539882
0.0105853,0.01372,-0.000288716,0.0110077,-0.000542757
0.0105953,0.01372,-0.000288733,0.0111698,-0.000545454
0.0106054,0.01372,-0.00028875,0.0113235,-0.000547984
0.0106154,0.01372,-0.000288768,0.0114692,-0.000550358
0.0106254,0.01372,-0.000288786,0.0116072,-0.000552585
0.0106355,0.01372,-0.000288804,0.0117379,-0.000554676
0.0106455,0.01372,-0.000288823,0.0118615,-0.000556637
0.0106555,0.01372,-0.000288841,0.0119783,-0.000558478
0.0106656,0.01372,-0.000288859,0.0120887,-0.000560205
0.0106756,0.01372,-0.000288877,0.0121929,-0.000561825
0.0106856,0.01372,-0.000288896,0.0122913,-0.000563355
0.0106957,0.01372,-0.000288914,0.012384,-0.000564787
0.0107057,0.01372,-0.000288931,0.0124714,-0.00056613
0.0107157,0.01372,-0.000288948,0.0125538,-0.000567387
0.0107258,0.01372,-0.000288965,0.0126313,-0.000568566
0.0107358,0.01372,-0.000288981,0.0127042,-0.000569671
0.0107458,0.01372,-0.000288997,0.0127727,-0.000570705
0.0107559,0.01372,-0.000289012,0.0128372,-0.000571674
0.0107659,0.01372,-0.000289026,0.0128976,-0.000572581
0.0107759,0.01372,-0.000289039,0.0129544,-0.000573431
0.010786,0.01372,-0.000289051,0.0130077,-0.000574225
0.010796,0.01372,-0.000289063,0.0130576,-0.000574969
0.010806,0.01372,-0.000289073,0.0131043,-0.000575664
0.0108161,0.01372,-0.000289083,0.0131481,-0.000576314
0.0108261,0.01372,-0.000289091,0.0131891,-0.000576922
0.0108361,0.01372,-0.000289098,0.0132274,-0.000577489
0.0108462,0.01372,-0.000289104,0.0132632,-0.000578019
0.0108562,0.01372,-0.000289109,0.0132966,-0.000578514
0.0108662,0.01372,-0.000289112,0.0133279,-0.000578975
0.0108763,0.01372,-0.000289114,0.013357,-0.000579406
0.0108863,0.01372,-0.000289115,0.0133842,-0.000579807
0.0108963,0.01372,-0.000289115,0.0134095,-0.000580181
0.0109064,0.01372,-0.000289113,0.0134331,-0.000580529
0.0109164,0.01372,-0.000289111,0.013455,-0.000580854
0.0109264,0.01372,-0.000289107,0.0134754,-0.000581155
0.0109365,0.01372,-0.000289102,0.0134944,-0.000581436
0.0109465,0.01372,-0.000289095,0.013512,-0.000581697
0.0109565,0.01372,-0.000289088,0.0135284,-0.000581939
0.0109666,0.01372,-0.000289079,0.0135436,-0.000582164
0.0109766,0.01372,-0.00028907,0.0135577,-0.000582373
0.0109866,0.01372,-0.000289059,0.0135708,-0.000582567
0.0109967,0.01372,-0.000289048,0.0135829,-0.000582747
0.0110067,0.01372,-0.000289036,0.0135941,-0.000582914
0.0110167,0.01372,-0.000289023,0.0136044,-0.000583068
0.0110268,0.01372,-0.000289009,0.013614,-0.000583211
0.0110368,0.01372,-0.000288994,0.0136229,-0.000583343
0.0110468,0.01372,-0.000288979,0.0136311,-0.000583465
0.0110569,0.01372,-0.000288964,0.0136386,-0.000583578
0.0110669,0.01372,-0.000288948,0.0136456,-0.000583683
0.0110769,0.01372,-0.000288931,0.013652,-0.000583779
0.011087,0.01372,-0.000288914,0.013658,-0.000583868
0.011097,0.01372,-0.000288897,0.0136634,-0.00058395
0.011107,0.01372,-0.00028888,0.0136684,-0.000584026
0.0111171,0.01372,-0.000288862,0.0136731,-0.000584095
0.0111271,0.01372,-0.000288845,0.0136773,-0.00058416
0.0111371,0.01372,-0.000288827,0.0136812,-0.000584219
0.0111472,0.01372,-0.00028881,0.0136848,-0.000584273
0.0111572,0.01372,-0.000288792,0.0136881,-0.000584323
0.0111672,0.01372,-0.000288775,0.0136911,-0.000584369
0.0111773,0.01372,-0.000288758,0.0136938,-0.000584411
0.0111873,0.01372,-0.000288741,0.0136964,-0.000584449
0.0111973,0.01372,-0.000288725,0.0136987,-0.000584485
0.0112074,0.01372,-0.000288708,0.0137008,-0.000584517
0.0112174,0.01372,-0.000288692,0.0137027,-0.000584547
0.0112274,0.01372,-0.000288677,0.0137045,-0.000584574
0.0112375,0.01372,-0.000288662,0.0137061,-0.000584599
0.0112475,0.01372,-0.000288647,0.0137076,-0.000584622
0.0112575,0.01372,-0.000288633,0.0137089,-0.000584643
0.0112676,0.01372,-0.000288619,0.0137102,-0.000584662
0.0112776,0.01372,-0.000288606,0.0137113,-0.000584679
0.0112876,0.01372,-0.000288593,0.0137123,-0.000584695
0.0112977,0.01372,-0.000288581,0.0137132,-0.000584709
0.0113077,0.01372,-0.000288569,0.0137141,-0.000584722
0.0113177,0.01372,-0.000288557,0.0137148,-0.000584734
0.0113278,0.01372,-0.000288547,0.0137155,-0.000584745
0.0113378,0.01372,-0.000288536,0.0137161,-0.000584745
0.0113478,0.01372,-0.000288526,0.0137167,-0.000584757
0.0113579,0.01372,-0.000288517,0.0137172,-0.000584768
0.0113679,0.01372,-0.000288508,0.0137177,-0.000584768
0.0113779,0.01372,-0.0002885,0.0137181,-0.000584779
0.011388,0.01372,-0.000288492,0.0137184,-0.000584779
0.011398,0.01372,-0.000288484,0.0137188,-0.000584789
0.011408,0.01372,-0.000288477,0.0137191,-0.000584789
0.0114181,0.01372,-0.00028847,0.0137194,-0.000584789
0.0114281,0.01372,-0.000288464,0.0137196,-0.000584799
0.0114381,0.01372,-0.000288458,0.0137198,-0.000584799
0.0114482,0.01372,-0.000288452,0.01372,-0.000584799
0.0114582,0.01372,-0.000288447,0.0137202,-0.000584799
0.0114682,0.01372,-0.000288442,0.0137204,-0.000584809
0.0114783,0.01372,-0.000288437,0.0137205,-0.000584809
0.0114883,0.01372,-0.000288433,0.0137206,-0.000584809
0.0114983,0.01372,-0.000288429,0.0137207,-0.000584809
0.0115084,0.01372,-0.000288425,0.0137208,-0.000584809
0.0115184,0.01372,-0.000288421,0.0137209,-0.000584809
0.0115284,0.01372,-0.000288418,0.013721,-0.000584809
0.0115385,0.01372,-0.000288415,0.0137211,-0.000584819
0.0115485,0.01372,-0.000288412,0.0137212,-0.000584819
0.0115585,0.01372,-0.000288409,0.0137212,-0.000584819
0.0115686,0.01372,-0.000288406,0.0137213,-0.000584819
0.0115786,0.01372,-0.000288404,0.0137213,-0.000584819
0.0115886,0.01372,-0.000288401,0.0137214,-0.000584819
0.0115987,0.01372,-0.000288399,0.0137214,-0.000584819
0.0116087,0.01372,-0.000288397,0.0137214,-0.000584819
0.0116187,0.01372,-0.000288394,0.0137215,-0.000584819
0.0116288,0.01372,-0.000288392,0.0137215,-0.000584819
0.0116388,0.01372,-0.00028839,0.0137215,-0.000584819
0.0116488,0.01372,-0.000288388,0.0137215,-0.000584819
0.0116589,0.01372,-0.000288386,0.0137215,-0.000584819
0.0116689,0.01372,-0.000288385,0.0137216,-0.000584819
0.0116789,0.01372,-0.000288383,0.0137216,-0.000584819
0.011689,0.01372,-0.000288382,0.0137216,-0.000584819
0.011699,0.01372,-0.000288381,0.0137216,-0.000584819
0.011709,0.01372,-0.000288379,0.0137216,-0.000584819
0.0117191,0.01372,-0.000288378,0.0137216,-0.000584819
0.0117291,0.01372,-0.000288376,0.0137216,-0.000584819
0.0117391,0.01372,-0.000288379,0.0137216,-0.000584819
0.0117492,0.01372,-0.000288377,0.0137216,-0.000584819
0.0117592,0.01372,-0.000288374,0.0137216,-0.000584819
0.0117692,0.01372,-0.000288371,0.0137216,-0.000584819
0.0117793,0.01372,-0.000288368,0.0137216,-0.000584819
0.0117893,0.01372,-0.000288366,0.0137217,-0.000584819
0.0117993,0.01372,-0.000288364,0.0137217,-0.000584819
0.0118094,0.01372,-0.000288362,0.0137217,-0.000584819
0.0118194,0.01372,-0.000288361,0.0137217,-0.000584819
0.0118294,0.01372,-0.000288359,0.0137217,-0.000584819
0.0118395,0.01372,-0.000288358,0.0137217,-0.000584819
0.0118495,0.01372,-0.000288357,0.0137217,-0.000584819
0.0118595,0.01372,-0.000288356,0.0137217,-0.000584819
0.0118696,0.01372,-0.000288354,0.0137217,-0.000584819
0.0118796,0.01372,-0.000288353,0.0137217,-0.000584819
0.0118896,0.01372,-0.000288352,0.0137217,-0.000584819
0.0118997,0.01372,-0.000288351,0.0137217,-0.000584819
0.0119097,0.01372,-0.00028835,0.0137217,-0.000584819
0.0119197,0.01372,-0.000288348,0.0137217,-0.000584819
0.0119298,0.01372,-0.000288347,0.0137217,-0.000584819
0.0119398,0.01372,-0.000288346,0.0137217,-0.000584819
0.0119498,0.01372,-0.000288345,0.0137217,-0.000584819
0.0119599,0.01372,-0.000288343,0.0137217,-0.000584819
0.0119699,0.01372,-0.000288342,0.0137217,-0.000584819
0.0119799,0.01372,-0.000288341,0.0137217,-0.000584819
0.01199,0.01372,-0.00028834,0.0137217,-0.000584819
0.012,0.01372,-0.000288339,0.0137217,-0.000584819
0.01201,0.01372,-0.000288337,0.0137217,-0.000584819
0.0120201,0.01372,-0.000288336,0.0137217,-0.000584819
0.0120301,0.01372,-0.000288335,0.0137217,-0.000584819
0.0120401,0.01372,-0.000288334,0.0137217,-0.000584819
0.0120502,0.01372,-0.000288333,0.0137217,-0.000584819
0.0120602,0.01372,-0.000288332,0.0137217,-0.000584819
0.0120702,0.01372,-0.000288331,0.0137217,-0.000584819
0.0120803,0.01372,-0.000288331,0.0137217,-0.000584819
0.0120903,0.01372,-0.00028833,0.0137217,-0.000584819
0.0121003,0.01372,-0.000288329,0.0137217,-0.000584819
0.0121104,0.01372,-0.000288328,0.0137217,-0.000584819
0.0121204,0.01372,-0.000288327,0.0137217,-0.000584819
0.0121304,0.01372,-0.000288327,0.0137217,-0.000584819
0.0121405,0.01372,-0.000288326,0.0137217,-0.000584819
0.0121505,0.01372,-0.000288326,0.0137217,-0.000584819
0.0121605,0.01372,-0.000288325,0.0137217,-0.000584819
0.0121706,0.01372,-0.000288324,0.0137217,-0.000584819
0.0121806,0.01372,-0.000288324,0.0137217,-0.000584819
0.0121906,0.01372,-0.000288323,0.0137217,-0.000584819
0.0122007,0.01372,-0.000288323,0.0137217,-0.000584819
0.0122107,0.01372,-0.000288323,0.0137217,-0.000584819
0.0122207,0.01372,-0.000288322,0.0137217,-0.000584819
0.0122308,0.01372,-0.000288322,0.0137217,-0.000584819
0.0122408,0.01372,-0.000288321,0.0137217,-0.000584819
0.0122508,0.01372,-0.000288321,0.0137217,-0.000584819
0.0122609,0.01372,-0.000288321,0.0137217,-0.000584819
0.0122709,0.01372,-0.00028832,0.0137217,-0.000584819
0.0122809,0.01372,-0.00028832,0.0137217,-0.000584819
0.012291,0.01372,-0.00028832,0.0137217,-0.000584819
0.012301,0.01372,-0.000288319,0.0137217,-0.000584819
0.012311,0.01372,-0.000288319,0.0137217,-0.000584819
0.0123211,0.01372,-0.000288319,0.0137217,-0.000584819
0.0123311,0.01372,-0.000288319,0.0137217,-0.000584819
0.0123411,0.01372,-0.000288319,0.0137217,-0.000584819
0.0123512,0.01372,-0.000288318,0.0137217,-0.000584819
0.0123612,0.01372,-0.000288318,0.0137217,-0.000584819
0.0123712,0.01372,-0.000288318,0.0137217,-0.000584819
0.0123813,0.01372,-0.000288318,0.0137217,-0.000584819
0.0123913,0.01372,-0.000288318,0.0137217,-0.000584819
0.0124013,0.01372,-0.000288318,0.0137217,-0.000584819
0.0124114,0.01372,-0.000288317,0.0137217,-0.000584819
0.0124214,0.01372,-0.000288317,0.0137217,-0.000584819
0.0124314,0.01372,-0.000288317,0.0137217,-0.000584819
0.0124415,0.01372,-0.000288317,0.0137217,-0.000584819
0.0124515,0.01372,-0.000288317,0.0137217,-0.000584819
0.0124615,0.01372,-0.000288317,0.0137217,-0.000584819
0.0124716,0.01372,-0.000288317,0.0137217,-0.000584819
0.0124816,0.01372,-0.000288317,0.0137217,-0.000584819
0.0124916,0.01372,-0.000288317,0.0137217,-0.000584819
0.0125017,0.01372,-0.000288317,0.0137217,-0.000584819
0.0125117,0.01372,-0.000288317,0.0137217,-0.000584819
0.0125217,0.01372,-0.000288317,0.0137217,-0.000584819
0.0125318,0.01372,-0.000288317,0.0137217,-0.000584819
0.0125418,0.01372,-0.000288317,0.0137217,-0.000584819
0.0125518,0.01372,-0.000288316,0.0137217,-0.000584819
0.0125619,0.01372,-0.000288316,0.0137217,-0.000584819
0.0125719,0.01372,-0.000288316,0.0137217,-0.000584819
0.0125819,0.01372,-0.000288316,0.0137217,-0.000584819
0.012592,0.01372,-0.000288316,0.0137217,-0.000584819
0.012602,0.01372,-0.000288316,0.0137217,-0.000584819
0.012612,0.01372,-0.000288316,0.0137217,-0.000584819
0.0126221,0.01372,-0.000288315,0.0137217,-0.000584819
0.0126321,0.01372,-0.000288315,0.0137217,-0.000584819
0.0126421,0.01372,-0.000288315,0.0137217,-0.000584819
0.0126522,0.01372,-0.000288315,0.0137217,-0.000584819
0.0126622,0.01372,-0.000288315,0.0137217,-0.000584819
0.0126722,0.01372,-0.000288314,0.0137217,-0.000584819
0.0126823,0.01372,-0.000288314,0.0137217,-0.000584819
0.0126923,0.01372,-0.000288314,0.0137217,-0.000584819
0.0127023,0.01372,-0.000288314,0.0137217,-0.000584819
0.0127124,0.01372,-0.000288313,0.0137217,-0.000584819
0.0127224,0.01372,-0.000288313,0.0137217,-0.000584819
0.0127324,0.01372,-0.000288313,0.0137217,-0.000584819
0.0127425,0.01372,-0.000288312,0.0137217,-0.000584819
0.0127525,0.01372,-0.000288312,0.0137217,-0.000584819
0.0127625,0.01372,-0.000288311,0.0137217,-0.000584819
0.0127726,0.01372,-0.000288311,0.0137217,-0.000584819
0.0127826,0.01372,-0.000288311,0.0137217,-0.000584819
0.0127926,0.01372,-0.00028831,0.0137217,-0.000584819
0.0128027,0.01372,-0.00028831,0.0137217,-0.000584819
0.0128127,0.01372,-0.000288309,0.0137217,-0.000584819
0.0128227,0.01372,-0.000288309,0.0137217,-0.000584819
0.0128328,0.01372,-0.000288308,0.0137217,-0.000584819
0.0128428,0.01372,-0.000288308,0.0137217,-0.000584819
0.0128528,0.01372,-0.000288307,0.0137217,-0.000584819
0.0128629,0.01372,-0.000288307,0.0137217,-0.000584819
0.0128729,0.01372,-0.000288306,0.0137217,-0.000584819
0.0128829,0.01372,-0.000288305,0.0137217,-0.000584819
0.012893,0.01372,-0.000288305,0.0137217,-0.000584819
0.012903,0.01372,-0.000288304,0.0137217,-0.000584819
0.012913,0.01372,-0.000288304,0.0137217,-0.000584819
0.0129231,0.01372,-0.000288303,0.0137217,-0.000584819
0.0129331,0.01372,-0.000288303,0.0137217,-0.000584819
0.0129431,0.01372,-0.000288302,0.0137217,-0.000584819
0.0129532,0.01372,-0.000288301,0.0137217,-0.000584819
0.0129632,0.01372,-0.000288301,0.0137217,-0.000584819
0.0129732,0.01372,-0.0002883,0.0137217,-0.000584819
0.0129833,0.01372,-0.0002883,0.0137217,-0.000584819
0.0129933,0.01372,-0.000288299,0.0137217,-0.000584819
0.0130033,0.01372,-0.000288299,0.0137217,-0.000584819
0.0130134,0.01372,-0.000288299,0.0137217,-0.000584819
0.0130234,0.01372,-0.000288299,0.0137217,-0.000584819
0.0130334,0.01372,-0.000288299,0.0137217,-0.000584819
0.0130435,0.01372,-0.000288298,0.0137217,-0.000584819
0.0130535,0.01372,-0.000288298,0.0137217,-0.000584819
0.0130635,0.01372,-0.000288298,0.0137217,-0.000584819
0.0130736,0.01372,-0.000288297,0.0137217,-0.000584819
0.0130836,0.01372,-0.000288296,0.0137217,-0.000584819
0.0130936,0.01372,-0.000288296,0.0137217,-0.000584819
0.0131037,0.01372,-0.000288295,0.0137217,-0.000584819
0.0131137,0.01372,-0.000288295,0.0137217,-0.000584819
0.0131237,0.01372,-0.000288294,0.0137217,-0.000584819
0.0131338,0.01372,-0.000288293,0.0137217,-0.000584819
0.0131438,0.01372,-0.000288293,0.0137217,-0.000584819
0.0131538,0.01372,-0.000288292,0.0137217,-0.000584819
0.0131639,0.01372,-0.000288292,0.0137217,-0.000584819
0.0131739,0.01372,-0.000288292,0.0137217,-0.000584819
0.0131839,0.01372,-0.000288291,0.0137217,-0.000584819
0.013194,0.01372,-0.000288291,0.0137217,-0.000584819
0.013204,0.01372,-0.00028829,0.0137217,-0.000584819
0.013214,0.01372,-0.00028829,0.0137217,-0.000584819
0.0132241,0.01372,-0.00028829,0.0137217,-0.000584819
0.0132341,0.01372,-0.000288289,0.0137217,-0.000584819
0.0132441,0.01372,-0.000288289,0.0137217,-0.000584819
0.0132542,0.01372,-0.000288289,0.0137217,-0.000584819
0.0132642,0.01372,-0.000288288,0.0137217,-0.000584819
0.0132742,0.01372,-0.000288288,0.0137217,-0.000584819
0.0132843,0.01372,-0.000288287,0.0137217,-0.000584819
0.0132943,0.01372,-0.000288287,0.0137217,-0.000584819
0.0133043,0.01372,-0.000288287,0.0137217,-0.000584819
0.0133144,0.01372,-0.000288286,0.0137217,-0.000584819
0.0133244,0.01372,-0.000288286,0.0137217,-0.000584819
0.0133344,0.01372,-0.000288286,0.0137217,-0.000584819
0.0133445,0.01372,-0.000288285,0.0137217,-0.000584819
0.0133545,0.01372,-0.000288285,0.0137217,-0.000584819
0.0133645,0.01372,-0.000288285,0.0137217,-0.000584819
0.0133746,0.01372,-0.000288284,0.0137217,-0.000584819
0.0133846,0.01372,-0.000288284,0.0137217,-0.000584819
0.0133946,0.01372,-0.000288284,0.0137217,-0.000584819
0.0134047,0.01372,-0.000288283,0.0137217,-0.000584819
0.0134147,0.01372,-0.000288283,0.0137217,-0.000584819
0.0134247,0.01372,-0.000288283,0.0137217,-0.000584819
0.0134348,0.01372,-0.000288282,0.0137217,-0.000584819
0.0134448,0.01372,-0.000288282,0.0137217,-0.000584819
0.0134548,0.01372,-0.000288281,0.0137217,-0.000584819
0.0134649,0.01372,-0.000288281,0.0137217,-0.000584819
0.0134749,0.01372,-0.000288281,0.0137217,-0.000584819
0.0134849,0.01372,-0.00028828,0.0137217,-0.000584819
0.013495,0.01372,-0.00028828,0.0137217,-0.000584819
0.013505,0.01372,-0.000288279,0.0137217,-0.000584819
0.0135151,0.01372,-0.000288279,0.0137217,-0.000584819
0.0135251,0.01372,-0.000288279,0.0137217,-0.000584819
0.0135351,0.01372,-0.000288278,0.0137217,-0.000584819
0.0135452,0.01372,-0.000288277,0.0137217,-0.000584819
0.0135552,0.01372,-0.000288277,0.0137217,-0.000584819
0.0135652,0.01372,-0.000288276,0.0137217,-0.000584819
0.0135753,0.01372,-0.000288275,0.0137217,-0.000584819
0.0135853,0.01372,-0.000288275,0.0137217,-0.000584819
0.0135953,0.01372,-0.000288274,0.0137217,-0.000584819
0.0136054,0.01372,-0.000288273,0.0137217,-0.000584819
0.0136154,0.01372,-0.000288273,0.0137217,-0.000584819
0.0136254,0.01372,-0.000288272,0.0137217,-0.000584819
0.0136355,0.01372,-0.000288272,0.0137217,-0.000584819
0.0136455,0.01372,-0.000288271,0.0137217,-0.000584819
0.0136555,0.01372,-0.00028827,0.0137217,-0.000584819
0.0136656,0.01372,-0.00028827,0.0137217,-0.000584819
0.0136756,0.01372,-0.000288269,0.0137217,-0.000584819
0.0136856,0.01372,-0.000288269,0.0137217,-0.000584819
0.0136957,0.01372,-0.000288269,0.0137217,-0.000584819
0.0137057,0.01372,-0.000288268,0.0137217,-0.000584819
0.0137157,0.01372,-0.000288268,0.0137217,-0.000584819
0.0137258,0.01372,-0.000288267,0.0137217,-0.000584819
0.0137358,0.01372,-0.000288267,0.0137217,-0.000584819
0.0137458,0.01372,-0.000288267,0.0137217,-0.000584819
0.0137559,0.01372,-0.000288266,0.0137217,-0.000584819
0.0137659,0.01372,-0.000288266,0.0137217,-0.000584819
0.0137759,0.01372,-0.000288265,0.0137217,-0.000584819
0.013786,0.01372,-0.000288265,0.0137217,-0.000584819
0.013796,0.01372,-0.000288265,0.0137217,-0.000584819
0.013806,0.01372,-0.000288264,0.0137217,-0.000584819
0.0138161,0.01372,-0.000288264,0.0137217,-0.000584819
0.0138261,0.01372,-0.000288263,0.0137217,-0.000584819
0.0138361,0.01372,-0.000288263,0.0137217,-0.000584819
0.0138462,0.01372,-0.000288263,0.0137217,-0.000584819
0.0138562,0.01372,-0.000288262,0.0137217,-0.000584819
0.0138662,0.01372,-0.000288262,0.0137217,-0.000584819
0.0138763,0.01372,-0.000288261,0.0137217,-0.000584819
0.0138863,0.01372,-0.000288261,0.0137217,-0.000584819
0.0138963,0.01372,-0.00028826,0.0137217,-0.000584819
0.0139064,0.01372,-0.00028826,0.0137217,-0.000584819
0.0139164,0.01372,-0.000288259,0.0137217,-0.000584819
0.0139264,0.01372,-0.000288259,0.0137217,-0.000584819
0.0139365,0.01372,-0.000288258,0.0137217,-0.000584819
0.0139465,0.01372,-0.000288258,0.0137217,-0.000584819
0.0139565,0.01372,-0.000288257,0.0137217,-0.000584819
0.0139666,0.01372,-0.000288257,0.0137217,-0.000584819
0.0139766,0.01372,-0.000288256,0.0137217,-0.000584819
0.0139866,0.01372,-0.000288256,0.0137217,-0.000584819
0.0139967,0.01372,-0.000288255,0.0137217,-0.000584819
0.0140067,0.01372,-0.000288255,0.0137217,-0.000584819
0.0140167,0.01372,-0.000288254,0.0137217,-0.000584819
0.0140268,0.01372,-0.000288254,0.0137217,-0.000584819
0.0140368,0.01372,-0.000288253,0.0137217,-0.000584819
0.0140468,0.01372,-0.000288253,0.0137217,-0.000584819
0.0140569,0.01372,-0.000288253,0.0137217,-0.000584819
0.0140669,0.01372,-0.000288252,0.0137217,-0.000584819
0.0140769,0.01372,-0.000288252,0.0137217,-0.000584819
0.014087,0.01372,-0.000288251,0.0137217,-0.000584819
0.014097,0.01372,-0.000288251,0.0137217,-0.000584819
0.014107,0.01372,-0.00028825,0.0137217,-0.000584819
0.0141171,0.01372,-0.00028825,0.0137217,-0.000584819
0.0141271,0.01372,-0.00028825,0.0137217,-0.000584819
0.0141371,0.01372,-0.000288249,0.0137217,-0.000584819
0.0141472,0.01372,-0.000288249,0.0137217,-0.000584819
0.0141572,0.01372,-0.000288249,0.0137217,-0.000584819
0.0141672,0.01372,-0.000288248,0.0137217,-0.000584819
0.0141773,0.01372,-0.000288248,0.0137217,-0.000584819
0.0141873,0.01372,-0.000288248,0.0137217,-0.000584819
0.0141973,0.01372,-0.000288247,0.0137217,-0.000584819
0.0142074,0.01372,-0.000288247,0.0137217,-0.000584819
0.0142174,0.01372,-0.000288247,0.0137217,-0.000584819
0.0142274,0.01372,-0.000288247,0.0137217,-0.000584819
0.0142375,0.01372,-0.000288246,0.0137217,-0.000584819
0.0142475,0.01372,-0.000288246,0.0137217,-0.000584819
0.0142575,0.01372,-0.000288246,0.0137217,-0.000584819
0.0142676,0.01372,-0.000288245,0.0137217,-0.000584819
0.0142776,0.01372,-0.000288245,0.0137217,-0.000584819
0.0142876,0.01372,-0.000288244,0.0137217,-0.000584819
0.0142977,0.01372,-0.000288244,0.0137217,-0.000584819
0.0143077,0.01372,-0.000288244,0.0137217,-0.000584819
0.0143177,0.01372,-0.000288243,0.0137217,-0.000584819
0.0143278,0.01372,-0.000288243,0.0137217,-0.000584819
0.0143378,0.01372,-0.000288242,0.0137217,-0.000584819
0.0143478,0.01372,-0.000288242,0.0137217,-0.000584819
0.0143579,0.01372,-0.000288242,0.0137217,-0.000584819
0.0143679,0.01372,-0.000288241,0.0137217,-0.000584819
0.0143779,0.01372,-0.000288241,0.0137217,-0.000584819
0.014388,0.01372,-0.00028824,0.0137217,-0.000584819
0.014398,0.01372,-0.00028824,0.0137217,-0.000584819
0.014408,0.01372,-0.000288239,0.0137217,-0.000584819
0.0144181,0.01372,-0.000288239,0.0137217,-0.000584819
0.0144281,0.01372,-0.000288238,0.0137217,-0.000584819
0.0144381,0.01372,-0.000288238,0.0137217,-0.000584819
0.0144482,0.01372,-0.000288237,0.0137217,-0.000584819
0.0144582,0.01372,-0.000288237,0.0137217,-0.000584819
0.0144682,0.01372,-0.000288236,0.0137217,-0.000584819
0.0144783,0.01372,-0.000288236,0.0137217,-0.000584819
0.0144883,0.01372,-0.000288235,0.0137217,-0.000584819
0.0144983,0.01372,-0.000288235,0.0137217,-0.000584819
0.0145084,0.01372,-0.000288234,0.0137217,-0.000584819
0.0145184,0.01372,-0.000288233,0.0137217,-0.000584819
0.0145284,0.01372,-0.000288233,0.0137217,-0.000584819
0.0145385,0.01372,-0.000288232,0.0137217,-0.000584819
0.0145485,0.01372,-0.000288231,0.0137217,-0.000584819
0.0145585,0.01372,-0.00028823,0.0137217,-0.000584819
0.0145686,0.01372,-0.00028823,0.0137217,-0.000584819
0.0145786,0.01372,-0.000288229,0.0137217,-0.000584819
0.0145886,0.01372,-0.000288228,0.0137217,-0.000584819
0.0145987,0.01372,-0.000288227,0.0137217,-0.000584819
0.0146087,0.01372,-0.000288226,0.0137217,-0.000584819
0.0146187,0.01372,-0.000288226,0.0137217,-0.000584819
0.0146288,0.01372,-0.000288225,0.0137217,-0.000584819
0.0146388,0.01372,-0.000288224,0.0137217,-0.000584819
0.0146488,0.01372,-0.000288223,0.0137217,-0.000584819
0.0146589,0.01372,-0.000288222,0.0137217,-0.000584819
0.0146689,0.01372,-0.000288221,0.0137217,-0.000584819
0.0146789,0.01372,-0.00028822,0.0137217,-0.000584819
0.014689,0.01372,-0.00028822,0.0137217,-0.000584819
0.014699,0.01372,-0.000288219,0.0137217,-0.000584819
0.014709,0.01372,-0.000288218,0.0137217,-0.000584819
0.0147191,0.01372,-0.000288217,0.0137217,-0.000584819
0.0147291,0.01372,-0.000288216,0.0137217,-0.000584819
0.0147391,0.01372,-0.000288215,0.0137217,-0.000584819
0.0147492,0.01372,-0.000288215,0.0137217,-0.000584819
0.0147592,0.01372,-0.000288214,0.0137217,-0.000584819
0.0147692,0.01372,-0.000288213,0.0137217,-0.000584819
0.0147793,0.01372,-0.000288212,0.0137217,-0.000584819
0.0147893,0.01372,-0.000288212,0.0137217,-0.000584819
0.0147993,0.01372,-0.000288211,0.0137217,-0.000584819
0.0148094,0.01372,-0.000288211,0.0137217,-0.000584819
0.0148194,0.01372,-0.00028821,0.0137217,-0.000584819
0.0148294,0.01372,-0.00028821,0.0137217,-0.000584819
0.0148395,0.01372,-0.000288209,0.0137217,-0.000584819
0.0148495,0.01372,-0.000288209,0.0137217,-0.000584819
0.0148595,0.01372,-0.000288208,0.0137217,-0.000584819
0.0148696,0.01372,-0.000288208,0.0137217,-0.000584819
0.0148796,0.01372,-0.000288207,0.0137217,-0.000584819
0.0148896,0.01372,-0.000288207,0.0137217,-0.000584819
0.0148997,0.01372,-0.000288206,0.0137217,-0.000584819
0.0149097,0.01372,-0.000288206,0.0137217,-0.000584819
0.0149197,0.01372,-0.000288205,0.0137217,-0.000584819
0.0149298,0.01372,-0.000288205,0.0137217,-0.000584819
0.0149398,0.01372,-0.000288204,0.0137217,-0.000584819
0.0149498,0.01372,-0.000288203,0.0137217,-0.000584819
0.0149599,0.01372,-0.000288203,0.0137217,-0.000584819
0.0149699,0.01372,-0.000288202,0.0137217,-0.000584819
0.0149799,0.01372,-0.000288202,0.0137217,-0.000584819
0.01499,0.01372,-0.000288201,0.0137217,-0.000584819
0.015,0.01372,-0.000288201,0.0137217,-0.000584819
0.01501,0.01372,-0.0002882,0.0137217,-0.000584819
0.0150201,0.01372,-0.0002882,0.0137217,-0.000584819
0.0150301,0.01372,-0.000288199,0.0137217,-0.000584819
0.0150401,0.01372,-0.000288199,0.0137217,-0.000584819
0.0150502,0.01372,-0.000288199,0.0137217,-0.000584819
0.0150602,0.01372,-0.000288198,0.0137217,-0.000584819
0.0150702,0.01372,-0.000288198,0.0137217,-0.000584819
0.0150803,0.01372,-0.000288198,0.0137217,-0.000584819
0.0150903,0.01372,-0.000288198,0.0137217,-0.000584819
0.0151003,0.01372,-0.000288197,0.0137217,-0.000584819
0.0151104,0.01372,-0.000288197,0.0137217,-0.000584819
0.0151204,0.01372,-0.000288197,0.0137217,-0.000584819
0.0151304,0.01372,-0.000288197,0.0137217,-0.000584819
0.0151405,0.01372,-0.000288196,0.0137217,-0.000584819
0.0151505,0.01372,-0.000288196,0.0137217,-0.000584819
0.0151605,0.01372,-0.000288196,0.0137217,-0.000584819
0.0151706,0.01372,-0.000288195,0.0137217,-0.000584819
0.0151806,0.01372,-0.000288195,0.0137217,-0.000584819
0.0151906,0.01372,-0.000288195,0.0137217,-0.000584819
0.0152007,0.01372,-0.000288194,0.0137217,-0.000584819
0.0152107,0.01372,-0.000288194,0.0137217,-0.000584819
0.0152207,0.01372,-0.000288194,0.0137217,-0.000584819
0.0152308,0.01372,-0.000288194,0.0137217,-0.000584819
0.0152408,0.01372,-0.000288193,0.0137217,-0.000584819
0.0152508,0.01372,-0.000288193,0.0137217,-0.000584819
0.0152609,0.01372,-0.000288193,0.0137217,-0.000584819
0.0152709,0.01372,-0.000288193,0.0137217,-0.000584819
0.0152809,0.01372,-0.000288193,0.0137217,-0.000584819
0.015291,0.01372,-0.000288193,0.0137217,-0.000584819
0.015301,0.01372,-0.000288193,0.0137217,-0.000584819
0.015311,0.01372,-0.000288192,0.0137217,-0.000584819
0.0153211,0.01372,-0.000288192,0.0137217,-0.000584819
0.0153311,0.01372,-0.000288192,0.0137217,-0.000584819
0.0153411,0.01372,-0.000288192,0.0137217,-0.000584819
0.0153512,0.01372,-0.000288192,0.0137217,-0.000584819
0.0153612,0.01372,-0.000288192,0.0137217,-0.000584819
0.0153712,0.01372,-0.000288193,0.0137217,-0.000584819
0.0153813,0.01372,-0.000288193,0.0137217,-0.000584819
0.0153913,0.01372,-0.000288193,0.0137217,-0.000584819
0.0154013,0.01372,-0.000288193,0.0137217,-0.000584819
0.0154114,0.01372,-0.000288193,0.0137217,-0.000584819
0.0154214,0.01372,-0.000288193,0.0137217,-0.000584819
0.0154314,0.01372,-0.000288193,0.0137217,-0.000584819
0.0154415,0.01372,-0.000288193,0.0137217,-0.000584819
0.0154515,0.01372,-0.000288193,0.0137217,-0.000584819
0.0154615,0.01372,-0.000288193,0.0137217,-0.000584819
0.0154716,0.01372,-0.000288194,0.0137217,-0.000584819
0.0154816,0.01372,-0.000288194,0.0137217,-0.000584819
0.0154916,0.01372,-0.000288194,0.0137217,-0.000584819
0.0155017,0.01372,-0.000288194,0.0137217,-0.000584819
0.0155117,0.01372,-0.000288194,0.0137217,-0.000584819
0.0155217,0.01372,-0.000288194,0.0137217,-0.000584819
0.0155318,0.01372,-0.000288194,0.0137217,-0.000584819
0.0155418,0.01372,-0.000288195,0.0137217,-0.000584819
0.0155518,0.01372,-0.000288195,0.0137217,-0.000584819
0.0155619,0.01372,-0.000288195,0.0137217,-0.000584819
0.0155719,0.01372,-0.000288195,0.0137217,-0.000584819
0.0155819,0.01372,-0.000288195,0.0137217,-0.000584819
0.015592,0.01372,-0.000288196,0.0137217,-0.000584819
0.015602,0.01372,-0.000288196,0.0137217,-0.000584819
0.015612,0.01372,-0.000288196,0.0137217,-0.000584819
0.0156221,0.01372,-0.000288196,0.0137217,-0.000584819
0.0156321,0.01372,-0.000288196,0.0137217,-0.000584819
0.0156421,0.01372,-0.000288196,0.0137217,-0.000584819
0.0156522,0.01372,-0.000288197,0.0137217,-0.000584819
0.0156622,0.01372,-0.000288197,0.0137217,-0.000584819
0.0156722,0.01372,-0.000288197,0.0137217,-0.000584819
0.0156823,0.01372,-0.000288197,0.0137217,-0.000584819
0.0156923,0.01372,-0.000288197,0.0137217,-0.000584819
0.0157023,0.01372,-0.000288197,0.0137217,-0.000584819
0.0157124,0.01372,-0.000288197,0.0137217,-0.000584819
0.0157224,0.01372,-0.000288197,0.0137217,-0.000584819
0.0157324,0.01372,-0.000288197,0.0137217,-0.000584819
0.0157425,0.01372,-0.000288198,0.0137217,-0.000584819
0.0157525,0.01372,-0.000288198,0.0137217,-0.000584819
0.0157625,0.01372,-0.000288198,0.0137217,-0.000584819
0.0157726,0.01372,-0.000288198,0.0137217,-0.000584819
0.0157826,0.01372,-0.000288198,0.0137217,-0.000584819
0.0157926,0.01372,-0.000288198,0.0137217,-0.000584819
0.0158027,0.01372,-0.000288198,0.0137217,-0.000584819
0.0158127,0.01372,-0.000288198,0.0137217,-0.000584819
0.0158227,0.01372,-0.000288198,0.0137217,-0.000584819
0.0158328,0.01372,-0.000288198,0.0137217,-0.000584819
0.0158428,0.01372,-0.000288198,0.0137217,-0.000584819
0.0158528,0.01372,-0.000288198,0.0137217,-0.000584819
0.0158629,0.01372,-0.000288198,0.0137217,-0.000584819
0.0158729,0.01372,-0.000288197,0.0137217,-0.000584819
0.0158829,0.01372,-0.000288197,0.0137217,-0.000584819
0.015893,0.01372,-0.000288197,0.0137217,-0.000584819
0.015903,0.01372,-0.000288197,0.0137217,-0.000584819
0.015913,0.01372,-0.000288197,0.0137217,-0.000584819
0.0159231,0.01372,-0.000288197,0.0137217,-0.000584819
0.0159331,0.01372,-0.000288197,0.0137217,-0.000584819
0.0159431,0.01372,-0.000288196,0.0137217,-0.000584819
0.0159532,0.01372,-0.000288196,0.0137217,-0.000584819
0.0159632,0.01372,-0.000288196,0.0137217,-0.000584819
0.0159732,0.01372,-0.000288196,0.0137217,-0.000584819
0.0159833,0.01372,-0.000288196,0.0137217,-0.000584819
0.0159933,0.01372,-0.000288195,0.0137217,-0.000584819
0.0160033,0.01372,-0.000288195,0.0137217,-0.000584819
0.0160134,0.01372,-0.000288195,0.0137217,-0.000584819
0.0160234,0.01372,-0.000288195,0.0137217,-0.000584819
0.0160334,0.01372,-0.000288194,0.0137217,-0.000584819
0.0160435,0.01372,-0.000288194,0.0137217,-0.000584819
0.0160535,0.01372,-0.000288194,0.0137217,-0.000584819
0.0160635,0.01372,-0.000288193,0.0137217,-0.000584819
0.0160736,0.01372,-0.000288193,0.0137217,-0.000584819
0.0160836,0.01372,-0.000288193,0.0137217,-0.000584819
0.0160936,0.01372,-0.000288192,0.0137217,-0.000584819
0.0161037,0.01372,-0.000288192,0.0137217,-0.000584819
0.0161137,0.01372,-0.000288192,0.0137217,-0.000584819
0.0161237,0.01372,-0.000288192,0.0137217,-0.000584819
0.0161338,0.01372,-0.000288191,0.0137217,-0.000584819
0.0161438,0.01372,-0.000288191,0.0137217,-0.000584819
0.0161538,0.01372,-0.000288191,0.0137217,-0.000584819
0.0161639,0.01372,-0.00028819,0.0137217,-0.000584819
0.0161739,0.01372,-0.00028819,0.0137217,-0.000584819
0.0161839,0.01372,-0.00028819,0.0137217,-0.000584819
0.016194,0.01372,-0.000288189,0.0137217,-0.000584819
0.016204,0.01372,-0.000288189,0.0137217,-0.000584819
0.016214,0.01372,-0.000288189,0.0137217,-0.000584819
0.0162241,0.01372,-0.000288188,0.0137217,-0.000584819
0.0162341,0.01372,-0.000288188,0.0137217,-0.000584819
0.0162441,0.01372,-0.000288188,0.0137217,-0.000584819
0.0162542,0.01372,-0.000288188,0.0137217,-0.000584819
0.0162642,0.01372,-0.000288187,0.0137217,-0.000584819
0.0162742,0.01372,-0.000288187,0.0137217,-0.000584819
0.0162843,0.01372,-0.000288187,0.0137217,-0.000584819
0.0162943,0.01372,-0.000288186,0.0137217,-0.000584819
0.0163043,0.01372,-0.000288186,0.0137217,-0.000584819
0.0163144,0.01372,-0.000288186,0.0137217,-0.000584819
0.0163244,0.01372,-0.000288185,0.0137217,-0.000584819
0.0163344,0.01372,-0.000288185,0.0137217,-0.000584819
0.0163445,0.01372,-0.000288185,0.0137217,-0.000584819
0.0163545,0.01372,-0.000288185,0.0137217,-0.000584819
0.0163645,0.01372,-0.000288184,0.0137217,-0.000584819
0.0163746,0.01372,-0.000288184,0.0137217,-0.000584819
0.0163846,0.01372,-0.000288185,0.0137217,-0.000584819
0.0163946,0.01372,-0.000288185,0.0137217,-0.000584819
0.0164047,0.01372,-0.000288185,0.0137217,-0.000584819
0.0164147,0.01372,-0.000288185,0.0137217,-0.000584819
0.0164247,0.01372,-0.000288184,0.0137217,-0.000584819
0.0164348,0.01372,-0.000288184,0.0137217,-0.000584819
0.0164448,0.01372,-0.000288183,0.0137217,-0.000584819
0.0164548,0.01372,-0.000288183,0.0137217,-0.000584819
0.0164649,0.01372,-0.000288182,0.0137217,-0.000584819
0.0164749,0.01372,-0.000288181,0.0137217,-0.000584819
0.0164849,0.01372,-0.000288181,0.0137217,-0.000584819
0.016495,0.01372,-0.00028818,0.0137217,-0.000584819
0.016505,0.01372,-0.000288179,0.0137217,-0.000584819
0.0165151,0.01372,-0.000288178,0.0137217,-0.000584819
0.0165251,0.01372,-0.000288177,0.0137217,-0.000584819
0.0165351,0.01372,-0.000288176,0.0137217,-0.000584819
0.0165452,0.01372,-0.000288175,0.0137217,-0.000584819
0.0165552,0.01372,-0.000288175,0.0137217,-0.000584819
0.0165652,0.01372,-0.000288174,0.0137217,-0.000584819
0.0165753,0.01372,-0.000288173,0.0137217,-0.000584819
0.0165853,0.01372,-0.000288172,0.0137217,-0.000584819
0.0165953,0.01372,-0.000288172,0.0137217,-0.000584819
0.0166054,0.01372,-0.000288171,0.0137217,-0.000584819
0.0166154,0.01372,-0.000288171,0.0137217,-0.000584819
0.0166254,0.01372,-0.00028817,0.0137217,-0.000584819
0.0166355,0.01372,-0.00028817,0.0137217,-0.000584819
0.0166455,0.01372,-0.00028817,0.0137217,-0.000584819
0.0166555,0.01372,-0.00028817,0.0137217,-0.000584819
0.0166656,0.01372,-0.00028817,0.0137217,-0.000584819
0.0166756,0.01372,-0.000288169,0.0137217,-0.000584819
0.0166856,0.01372,-0.000288168,0.0137217,-0.000584819
0.0166957,0.01372,-0.000288167,0.0137217,-0.000584819
